,link,title,company,salary,salary from,salary to,plus VAT,is super,technologies,date,localization,add. info0,add. info1,add. info2,add. info3
0,"https://www.pracuj.pl/praca/analityk-analityczka-ds-raportowania-zrownowazonego-rozwoju-esg-pion-finansow-warszawa-prosta-18,oferta,1002975708",Analityk / Analityczka ds. raportowania zrównoważonego rozwoju / ESG (Pion Finansów),mBank,,,,,False,,,"Warszawa, Wola","Specjalista (Mid / Regular), Starszy specjalista (Senior)",Pełny etat,Umowa o pracę,Praca od zaraz
1,"https://www.pracuj.pl/praca/specjalista-ds-kalkulacji-kosztow-analiz-rynkowych-i-sprzedazowych-rzeszow,oferta,1003001751","Specjalista ds. kalkulacji kosztów, analiz rynkowych i sprzedażowych",MPP | Cyfrowa Foto,,,,,False,,,Rzeszów,Specjalista (Mid / Regular),Pełny etat,"Umowa o pracę, Kontrakt B2B",Praca hybrydowa
2,"https://www.pracuj.pl/praca/developer-konfigurator-ferryt-warszawa,oferta,1003014839",Developer - Konfigurator Ferryt,7N Sp. z o.o.,14 280–16 800 zł / mies. (zal. od umowy),14 280,16 800,False,True,,,Miejsce pracy:Cała Polska (praca zdalna)Siedziba firmy:Warszawa,Specjalista (Mid / Regular),Pełny etat,"Umowa o pracę, Kontrakt B2B",Praca od zaraz
3,,Tagetik Developer,Accenture Technology,,,,,True,,,3 lokalizacje,Specjalista (Mid / Regular),Pełny etat,"Umowa o pracę, Kontrakt B2B",Praca hybrydowa
4,"https://www.pracuj.pl/praca/data-engineer-for-voice-assistant-warszawa,oferta,1002990450",Data Engineer for Voice Assistant,Samsung R&D Institute Poland,,,,,True,,,Warszawa,Specjalista (Mid / Regular),Pełny etat,Umowa o pracę,Praca hybrydowa
5,"https://www.pracuj.pl/praca/senior-ml-engineer-krakow-na-zjezdzie-11,oferta,1002978428",Senior ML Engineer,Codete,150–175 zł netto (+ VAT) / godz.,150,175,True,True,,,"Miejsce pracy:Cała Polska (praca zdalna)Siedziba firmy:Kraków, Podgórze",Starszy specjalista (Senior),Pełny etat,Kontrakt B2B,Praca zdalna
6,"https://www.pracuj.pl/praca/senior-game-designer-krakow-promienistych-1,oferta,1002995043",Senior Game Designer,Fun Crafters,,,,,True,,,"Miejsce pracy:Cała Polska (praca zdalna)Siedziba firmy:Kraków, Prądnik Czerwony",Starszy specjalista (Senior),Pełny etat,"Umowa o pracę, Kontrakt B2B",Praca od zaraz
7,"https://www.pracuj.pl/praca/analityk-biznesowy-w-kanale-handlu-tradycyjnego-warszawa-czerniakowska-87a,oferta,1003006731",Analityk Biznesowy w kanale Handlu Tradycyjnego,Stock Polska Sp. z o.o.,,,,,True,,,"Warszawa, Mokotów",Specjalista (Mid / Regular),Pełny etat,Umowa o pracę,Praca hybrydowa
8,"https://www.pracuj.pl/praca/support-engineer-krakow,oferta,1003006663",Support Engineer,Qualtrics,,,,,False,,,Kraków,Specjalista (Mid / Regular),Pełny etat,Umowa o pracę,Praca stacjonarna
9,"https://www.pracuj.pl/praca/senior-sql-developer-warszawa-inflancka-4b,oferta,1002977992",Senior SQL developer,NielsenIQ,,,,,True,,,"Warszawa, Śródmieście",Specjalista (Mid / Regular),Pełny etat,Umowa o pracę,Szukamy wielu kandydatów
10,"https://www.pracuj.pl/praca/analityk-kampanii-real-time-warszawa,oferta,1002974969",Analityk Kampanii Real Time,IT CONNECT Sp. z o.o. Sp. k.,,,,,False,,,Warszawa,"Specjalista (Mid / Regular), Starszy specjalista (Senior)",Pełny etat,"Umowa zlecenie, Kontrakt B2B",Praca od zaraz
11,"https://www.pracuj.pl/praca/senior-consultant-ryzyko-rynkowe-financial-services-market-risk-warszawa-inflancka-4a,oferta,1002992393",Senior Consultant - Ryzyko Rynkowe - Financial Services Market Risk,KPMG,,,,,True,,,"Warszawa, Śródmieście",Starszy specjalista (Senior),Pełny etat,Umowa o pracę,"Praca stacjonarna, Praca hybrydowa"
12,,Analityk lub Analityczka Task Mining w zespole Doradztwa Biznesowego Finance Transformation,EY (dawniej Ernst & Young),,,,,False,,,2 lokalizacje,Specjalista (Mid / Regular),Pełny etat,Umowa o pracę,Praca hybrydowa
13,"https://www.pracuj.pl/praca/radca-prawny-ekspert-w-wydziale-taryf-departament-gospodarki-wodno-sciekowej-warszawa-zelazna-59a,oferta,1002997399",Radca Prawny - Ekspert w Wydziale Taryf (Departament Gospodarki Wodno-Ściekowej),Państwowe Gospodarstwo Wodne Wody Polskie,,,,,False,,,"Warszawa, Wola","Starszy specjalista (Senior), Ekspert",Pełny etat,Umowa o pracę,Praca od zaraz
14,"https://www.pracuj.pl/praca/service-desk-with-knowledge-of-german-at-c1-level-warszawa,oferta,1002997394",Service Desk with knowledge of German at C1 level,UPVANTA SPÓŁKA Z OGRANICZONĄ ODPOWIEDZIALNOŚCIĄ,,,,,True,,,Miejsce pracy:Cała Polska (praca zdalna)Siedziba firmy:Warszawa,Specjalista (Mid / Regular),"Pełny etat, Część etatu",Umowa o pracę,Praca od zaraz
15,"https://www.pracuj.pl/praca/mlodszy-specjalista-ds-systemow-informatycznych-gdansk-budowlanych-72,oferta,1002974681",Młodszy specjalista ds. systemów informatycznych,Leasing Polski Sp. z o.o.,,,,,False,,,"Gdańsk, Matarnia",Młodszy specjalista (Junior),Pełny etat,Umowa o pracę,"Praca stacjonarna, Praca hybrydowa"
16,"https://www.pracuj.pl/praca/mlodszy-specjalista-ds-lancucha-dostaw-makroregionu-wyszkow-lesna-33,oferta,1002971494",Młodszy Specjalista ds. Łańcucha Dostaw Makroregionu,Biedronka (Jeronimo Martins Polska S.A.),,,,,True,,,Wyszków,Młodszy specjalista (Junior),Pełny etat,Umowa o pracę,Praca stacjonarna
17,"https://www.pracuj.pl/praca/programista-hurtowni-danych-bi-warszawa,oferta,1002974202",Programista Hurtowni Danych/BI,GRUPA PZU,,,,,False,,,Warszawa,Ekspert,Pełny etat,Umowa o pracę,Praca hybrydowa
18,"https://www.pracuj.pl/praca/konsultant-systemow-informatycznych-warszawa-adama-branickiego-13,oferta,1003006080",Konsultant Systemów Informatycznych,ASSECO DATA SYSTEMS S.A.,,,,,False,,,"Warszawa, Wilanów",Specjalista (Mid / Regular),Pełny etat,"Umowa o pracę, Kontrakt B2B","Praca stacjonarna, Praca hybrydowa"
19,"https://www.pracuj.pl/praca/ekspert-data-science-crm-warszawa,oferta,1002974109",Ekspert Data Science CRM,GRUPA PZU,,,,,False,,,Warszawa,Ekspert,Pełny etat,Umowa o pracę,Praca hybrydowa
20,"https://www.pracuj.pl/praca/analityk-ds-programowania-kampanii-digital-crm-warszawa,oferta,1002974088",Analityk ds. Programowania Kampanii Digital CRM,GRUPA PZU,,,,,False,,,Warszawa,Specjalista (Mid / Regular),Pełny etat,Umowa o pracę,Praca hybrydowa
21,"https://www.pracuj.pl/praca/specjalista-ds-zarzadzania-ryzykiem-warszawa-chlodna-52,oferta,1002973984",Specjalista ds. Zarządzania Ryzykiem,PKO BP BANKOWY Powszechne Towarzystwo Emerytalne Spółka Akcyjna,,,,,False,,,"Warszawa, Wola","Specjalista (Mid / Regular), Młodszy specjalista (Junior)","Pełny etat, Część etatu",Umowa o pracę,Praca hybrydowa
22,"https://www.pracuj.pl/praca/staz-w-obszarze-market-intelligence-sopot,oferta,1002966348",Staż w Obszarze Market Intelligence,Grupa ERGO Hestia,,,,,False,,,Sopot,Praktykant / Stażysta,Część etatu,"Umowa zlecenie, Umowa o staż / praktyki",Praca stacjonarna
23,"https://www.pracuj.pl/praca/data-scientist-katowice-wroclawska-54,oferta,1002950595",Data Scientist,Reply Polska Sp. z o.o.,9 000–16 000 zł brutto / mies.,9 000,16 000,False,True,,,Katowice,Specjalista (Mid / Regular),Pełny etat,Umowa o pracę,Praca hybrydowa
24,"https://www.pracuj.pl/praca/valuation-control-group-securitized-products-associate-warszawa-aleja-jana-pawla-ii-19,oferta,1002977133",Valuation Control Group - Securitized Products - Associate,J.P. Morgan Poland Services sp. z o.o.,,,,,True,,,"Warszawa, Wola",Specjalista (Mid / Regular),Pełny etat,Umowa o pracę,Praca od zaraz
25,"https://www.pracuj.pl/praca/ekspert-ds-kontrolingu-ubezpieczen-na-zycie-warszawa,oferta,1002996767",Ekspert ds. Kontrolingu Ubezpieczeń na Życie,GRUPA PZU,,,,,False,,,Warszawa,Ekspert,Pełny etat,Umowa o pracę,Praca hybrydowa
26,"https://www.pracuj.pl/praca/mlodszy-specjalista-ds-kontrolingu-warszawa,oferta,1002972950",Młodszy Specjalista ds. Kontrolingu,GRUPA PZU,,,,,False,,,Warszawa,Młodszy specjalista (Junior),Pełny etat,Umowa o pracę,Praca hybrydowa
27,"https://www.pracuj.pl/praca/technical-solutions-engineer-google-cloud-warszawa-emilii-plater-53,oferta,1002996267",Technical Solutions Engineer - Google Cloud,Google,,,,,True,,,"Warszawa, Śródmieście",Specjalista (Mid / Regular),Pełny etat,Umowa o pracę,Praca hybrydowa
28,"https://www.pracuj.pl/praca/bacoe-financial-analyst-krakow-wielicka-28,oferta,1003002443",BACoE Financial Analyst,Kingfisher,,,,,True,,,"Kraków, Podgórze","Specjalista (Mid / Regular), Starszy specjalista (Senior)",Pełny etat,Umowa o pracę,"Praca zdalna, Praca hybrydowa"
29,"https://www.pracuj.pl/praca/ekspert-ds-walidacji-modeli-warszawa,oferta,1002996082",Ekspert ds. Walidacji Modeli,GRUPA PZU,,,,,False,,,Warszawa,Ekspert,Pełny etat,Umowa o pracę,Praca hybrydowa
30,"https://www.pracuj.pl/praca/analityk-kredytowy-w-departamencie-decyzji-kredytowych-przedsiebiorstw-warszawa,oferta,1003005187",Analityk Kredytowy w Departamencie Decyzji Kredytowych Przedsiębiorstw,Bank Millennium S.A.,,,,,False,,,Warszawa,Specjalista (Mid / Regular),Pełny etat,Umowa o pracę,Praca od zaraz
31,"https://www.pracuj.pl/praca/it-systems-specialist-erp-bochnia-adolfa-mitery-14,oferta,1002976056",IT Systems Specialist ERP,Mabuchi Motor Poland,,,,,True,,,Bochnia,Specjalista (Mid / Regular),Pełny etat,Umowa o pracę,Praca stacjonarna
32,"https://www.pracuj.pl/praca/junior-consultant-quant-credit-risk-market-risk-and-actuary-platny-staz-warszawa-piekna-18,oferta,1002965193","Junior Consultant – Quant (credit risk, market risk and actuary) - płatny staż",Mazars Audyt Sp. z o. o.,,,,,True,,,"Warszawa, Śródmieście",Praktykant / Stażysta,Pełny etat,"Umowa o pracę, Umowa zlecenie",Praca od zaraz
33,"https://www.pracuj.pl/praca/senior-data-engineer-warszawa,oferta,1002929212",Senior Data Engineer,ASTEK Polska,150–180 zł netto (+ VAT) / godz.,150,180,True,True,,,Warszawa,Specjalista (Mid / Regular),Pełny etat,Kontrakt B2B,Praca od zaraz
34,"https://www.pracuj.pl/praca/asystent-ds-aktuarialnych-warszawa-postepu-12,oferta,1003004577",Asystent ds. Aktuarialnych,BDO Spółka z ograniczoną odpowiedzialnością Sp.k,,,,,False,,,"Warszawa, Mokotów","Praktykant / Stażysta, Asystent","Pełny etat, Część etatu","Umowa o pracę, Umowa zlecenie",Praca od zaraz
35,,Ekspert ds. Modeli Ryzyka,ALIOR BANK,,,,,True,,,3 lokalizacje,Ekspert,Pełny etat,Umowa o pracę,Praca hybrydowa
36,"https://www.pracuj.pl/praca/mlodszy-specjalista-ds-billingu-warszawa-grochowska-21a,oferta,1002972159",Młodszy Specjalista ds. Billingu,Atman sp. z o.o.,,,,,False,,,"Warszawa, Praga-Południe",Młodszy specjalista (Junior),Pełny etat,Umowa o pracę,Praca hybrydowa
37,,Starszy Specjalista ds. Modelowania Ryzyka Kredytowego,Bank Millennium S.A.,,,,,False,,,2 lokalizacje,"Specjalista (Mid / Regular), Starszy specjalista (Senior)",Pełny etat,Umowa o pracę,Praca od zaraz
38,"https://www.pracuj.pl/praca/starszy-specjalista-ds-systemow-bankowych-warszawa-chmielna-73,oferta,1002995548",Starszy Specjalista ds. Systemów Bankowych,Bank Gospodarstwa Krajowego,,,,,False,,,"Warszawa, Wola",Starszy specjalista (Senior),Pełny etat,Umowa o pracę,Praca hybrydowa
39,"https://www.pracuj.pl/praca/specjalista-ds-analiz-i-wycen-warszawa-postepu-21c,oferta,1002986909",Specjalista ds. Analiz i Wycen,LUX MED Sp. z o.o.,,,,,False,,,"Warszawa, Mokotów",Specjalista (Mid / Regular),Pełny etat,Umowa o pracę,Praca hybrydowa
40,"https://www.pracuj.pl/praca/business-intelligence-analyst-data-engineer-wroclaw,oferta,1003004344",Business Intelligence Analyst / Data Engineer,VikingCo Poland sp. zo.o.,12 000–16 000 zł netto (+ VAT) / mies.,12 000,16 000,True,False,,,Wrocław,Specjalista (Mid / Regular),Pełny etat,Kontrakt B2B,Praca od zaraz
41,"https://www.pracuj.pl/praca/stazysta-analityk-finansowy-krakow,oferta,1002986661",Stażysta - analityk finansowy,ATERIMA HR,,,,,False,,,Kraków,"Praktykant / Stażysta, Asystent",Pełny etat,Umowa o pracę,"Praca stacjonarna, Praca hybrydowa"
42,"https://www.pracuj.pl/praca/stazystka-stazysta-w-dziale-kadr-i-plac-warszawa-rondo-daszynskiego-2b,oferta,1002975392",Stażystka/Stażysta w dziale kadr i płac,TMF Group,,,,,True,,,"Warszawa, Wola",Praktykant / Stażysta,Część etatu,Umowa zlecenie,Запрошуємо працівників з України
43,"https://www.pracuj.pl/praca/analityk-sas-warszawa,oferta,1002992750",Analityk SAS,4IT SOLUTIONS sp. z o.o.,130–200 zł netto (+ VAT) / godz.,130,200,True,True,,,Miejsce pracy:Cała Polska (praca zdalna)Siedziba firmy:Warszawa,Specjalista (Mid / Regular),Pełny etat,Kontrakt B2B,Praca od zaraz
44,"https://www.pracuj.pl/praca/analityk-systemow-planowania-poznan-strzeszynska-73a,oferta,1003004211",Analityk Systemów Planowania,Pepco - Centrala,,,,,False,,,"Miejsce pracy:Cała Polska (praca zdalna)Siedziba firmy:Poznań, Jeżyce",Specjalista (Mid / Regular),Pełny etat,Umowa o pracę,"Praca zdalna, Praca hybrydowa"
45,"https://www.pracuj.pl/praca/specjalista-ds-controllingu-zary-transportowa-1,oferta,1002975236",Specjalista ds. Controllingu,Rekrutacja 360 - Pracuj.pl,,,,,True,,,Żary,"Specjalista (Mid / Regular), Starszy specjalista (Senior)",Pełny etat,Umowa o pracę,Praca od zaraz
46,"https://www.pracuj.pl/praca/data-scientist-w-zespole-rozwoju-pricingu-warszawa-moldawska-9,oferta,1003004137",Data Scientist w Zespole Rozwoju Pricingu,Grupa ERGO Hestia,,,,,False,,,"Warszawa, Ochota",Specjalista (Mid / Regular),Pełny etat,Umowa o pracę,Praca hybrydowa
47,"https://www.pracuj.pl/praca/starszy-a-specjalista-specjalistka-ds-aktuarialnych-w-zespole-technicznej-wyceny-warszawa-chlodna-51,oferta,1002994925",Starszy/a Specjalista/Specjalistka ds. Aktuarialnych w Zespole Technicznej Wyceny Produktów Ubezpieczeniowych,UNIQA,,,,,False,,,"Warszawa, Wola",Starszy specjalista (Senior),Pełny etat,Umowa o pracę,Praca hybrydowa
48,"https://www.pracuj.pl/praca/stazystka-stazysta-w-dziale-kadr-i-plac-katowice-uniwersytecka-20,oferta,1002975128",Stażystka/Stażysta w dziale kadr i płac,TMF Group,,,,,True,,,Katowice,Praktykant / Stażysta,Część etatu,Umowa zlecenie,Запрошуємо працівників з України
49,"https://www.pracuj.pl/praca/aml-model-validator-warszawa-zelazna-51-53,oferta,1002970395",AML Model Validator,SEB,,,,,True,,,"Warszawa, Wola",Specjalista (Mid / Regular),Pełny etat,Umowa o pracę,Робота для іноземців
50,"https://www.pracuj.pl/praca/specjalista-ds-analiz-i-planowania-warszawa-konstruktorska-4,oferta,1002986408",Specjalista ds. Analiz i Planowania,Cyfrowy Polsat S.A.,,,,,False,,,"Warszawa, Mokotów",Specjalista (Mid / Regular),Pełny etat,Umowa o pracę,Praca hybrydowa
51,"https://www.pracuj.pl/praca/asystent-asystentka-dzialu-wdrozen-comarch-erp-xl-do-przyuczenia-warszawa-aleja-marszalka-jozefa-pilsudskiego-4c,oferta,1002970328",Asystent / Asystentka Działu Wdrożeń Comarch ERP XL - do przyuczenia,4Contact,,,,,True,,,Warszawa,Asystent,Pełny etat,"Umowa o pracę, Umowa zlecenie, Kontrakt B2B",Praca stacjonarna
52,"https://www.pracuj.pl/praca/mlodszy-specjalista-ds-wdrozen-comarch-erp-xl-do-przyuczenia-warszawa-aleja-marszalka-jozefa-pilsudskiego-4c,oferta,1002970319",Młodszy Specjalista ds. Wdrożeń Comarch ERP XL (do przyuczenia),4Contact,,,,,True,,,Warszawa,Młodszy specjalista (Junior),Pełny etat,"Umowa o pracę, Umowa zlecenie, Kontrakt B2B",Praca stacjonarna
53,,Experienced Power Platform Engineer,NORDEA Bank Abp SA Oddział w Polsce,,,,,True,,,2 lokalizacje,Ekspert,Pełny etat,Umowa o pracę,Praca hybrydowa
54,"https://www.pracuj.pl/praca/specjalistka-specjalista-w-zespole-ds-ewidencji-sprzedazy-lodz,oferta,1002986200",Specjalistka / Specjalista w Zespole ds. Ewidencji Sprzedaży,PGE Energetyka Kolejowa Centrum Usług Wspólnych,,,,,False,,,Łódź,Specjalista (Mid / Regular),Pełny etat,Umowa o pracę,Praca stacjonarna
55,"https://www.pracuj.pl/praca/data-scientist-warszawa,oferta,1002985977",Data Scientist,WINGED IT SP Z O O,33 000–37 000 zł netto (+ VAT) / mies.,33 000,37 000,True,True,,,Warszawa,"Specjalista (Mid / Regular), Starszy specjalista (Senior)",Pełny etat,Kontrakt B2B,Praca od zaraz
56,"https://www.pracuj.pl/praca/programista-hurtowni-danych-bi-warszawa,oferta,1002994541",Programista Hurtowni Danych/BI,GRUPA PZU,,,,,False,,,Warszawa,Ekspert,Pełny etat,Umowa o pracę,Praca hybrydowa
57,"https://www.pracuj.pl/praca/data-analyst-warszawa,oferta,1003003637",Data Analyst,HR Level Up,,,,,False,,,Miejsce pracy:Cała Polska (praca zdalna)Siedziba firmy:Warszawa,Specjalista (Mid / Regular),Pełny etat,Umowa o pracę,Praca zdalna
58,"https://www.pracuj.pl/praca/stazysta-tka-w-dziale-business-operations-support-platny-staz-warszawa,oferta,1002974317",Stażysta /-tka w Dziale Business Operations & Support (Płatny staż),Sanofi,,,,,True,,,Warszawa,Praktykant / Stażysta,"Pełny etat, Część etatu",Umowa zlecenie,"Praca stacjonarna, Praca hybrydowa"
59,"https://www.pracuj.pl/praca/commercial-analytics-insights-manager-warszawa,oferta,1002963612",Commercial Analytics & Insights Manager,Astellas,,,,,True,,,Warszawa,Menedżer,Pełny etat,Umowa o pracę,Praca hybrydowa
60,,Specjalistka/Specjalista ds. walidacji modeli,Bank BPH Spółka Akcyjna,,,,,False,,,2 lokalizacje,"Specjalista (Mid / Regular), Starszy specjalista (Senior)",Pełny etat,Umowa o pracę,Запрошуємо працівників з України
61,"https://www.pracuj.pl/praca/test-environment-support-engineer-gdynia,oferta,1002969597",Test Environment Support Engineer,emagine sp. z o.o,120–135 zł netto (+ VAT) / godz.,120,135,True,True,,,Gdynia,Starszy specjalista (Senior),Pełny etat,Kontrakt B2B,Szukamy wielu kandydatów (2 wakaty)
62,"https://www.pracuj.pl/praca/data-analyst-scientist-warszawa-chlodna-51,oferta,1002974140",Data Analyst / Scientist,ALGOMINE,,,,,True,,,"Miejsce pracy:Cała Polska (praca zdalna)Siedziba firmy:Warszawa, Wola","Specjalista (Mid / Regular), Młodszy specjalista (Junior)",Pełny etat,Kontrakt B2B,Praca od zaraz
63,"https://www.pracuj.pl/praca/operations-analyst-warszawa-aleje-jerozolimskie-44,oferta,1002992038",Operations Analyst,LITE E-COMMERCE sp. z o.o.,8 000–13 000 zł / mies. (zal. od umowy),8 000,13 000,False,True,,,"Warszawa, Śródmieście",Specjalista (Mid / Regular),Pełny etat,"Umowa zlecenie, Kontrakt B2B",Praca hybrydowa
64,"https://www.pracuj.pl/praca/analityk-ds-ryzyka-kredytowego-warszawa,oferta,1002985740",Analityk ds. Ryzyka Kredytowego,Solid Bridge Solutions Sp. z o.o.,,,,,False,,,Warszawa,"Specjalista (Mid / Regular), Starszy specjalista (Senior)",Pełny etat,Umowa o pracę,Praca stacjonarna
65,,Specjalista / Specjalistka ds. wyceny ryzyka kredytowego (umowa na zastępstwo),mBank,,,,,False,,,2 lokalizacje,Specjalista (Mid / Regular),Pełny etat,Umowa na zastępstwo,Praca hybrydowa
66,"https://www.pracuj.pl/praca/specjalista-ryzyko-rynkowe-warszawa,oferta,1003003128",Specjalista - Ryzyko Rynkowe,ING Bank Śląski S.A.,,,,,False,,,Warszawa,Specjalista (Mid / Regular),Pełny etat,Umowa o pracę,Praca hybrydowa
67,"https://www.pracuj.pl/praca/mlodszy-specjalista-ds-planowania-popytu-warszawa-aleje-jerozolimskie-100,oferta,1002991913",Młodszy Specjalista ds. planowania popytu,Bunge Polska Sp. z o.o,,,,,True,,,"Warszawa, Ochota",Młodszy specjalista (Junior),Pełny etat,Umowa o pracę,Praca hybrydowa
68,"https://www.pracuj.pl/praca/analityk-ds-ryzyka-rynkowego-warszawa,oferta,1002994146",Analityk ds. Ryzyka Rynkowego,Bank Pekao,,,,,False,,,Warszawa,Specjalista (Mid / Regular),Pełny etat,Umowa o pracę,Praca hybrydowa
69,"https://www.pracuj.pl/praca/samodzielna-inzynierka-samodzielny-inzynier-mechanical-design-warszawa-aleja-krakowska-110,oferta,1003002945",Samodzielna Inżynierka/Samodzielny Inżynier – Mechanical Design,GE Aerospace Poland sp. z o.o.,,,,,False,,,"Warszawa, Włochy",Specjalista (Mid / Regular),Pełny etat,Umowa o pracę,Praca od zaraz
70,"https://www.pracuj.pl/praca/fullstack-net-developer-warszawa,oferta,1002963013",Fullstack .NET Developer,mBank,,,,,True,,,Miejsce pracy:Cała Polska (praca zdalna)Siedziba firmy:Warszawa,Specjalista (Mid / Regular),Pełny etat,Umowa o pracę,Szukamy wielu kandydatów (2 wakaty)
71,,Specjalista ds. walidacji modeli,Bank Pocztowy S.A.,,,,,True,,,15 lokalizacji,"Specjalista (Mid / Regular), Starszy specjalista (Senior)",Pełny etat,Umowa o pracę,Praca od zaraz
72,,Specjalista ds. ryzyka płynności,Bank Pocztowy S.A.,,,,,True,,,15 lokalizacji,"Specjalista (Mid / Regular), Starszy specjalista (Senior)",Pełny etat,Umowa o pracę,Praca od zaraz
73,,Starszy specjalista ds. procesu zarządzania kapitałem,Bank Pocztowy S.A.,,,,,True,,,15 lokalizacji,"Starszy specjalista (Senior), Ekspert",Pełny etat,Umowa o pracę,Запрошуємо працівників з України
74,"https://www.pracuj.pl/praca/actuarial-consultant-with-programming-skills-warszawa-plac-trzech-krzyzy-10,oferta,1002927680",Actuarial Consultant (with programming skills),ERGO Technology & Services S.A.,,,,,True,,,"Warszawa, Śródmieście",Specjalista (Mid / Regular),Pełny etat,Umowa o pracę,Szukamy wielu kandydatów
75,"https://www.pracuj.pl/praca/data-scientist-wroclaw-plac-konstytucji-3-maja-3,oferta,1002947846",Data Scientist,Oferteo S.A.,12 000–17 600 zł / mies. (zal. od umowy),12 000,17 600,False,True,,,"Wrocław, Krzyki","Specjalista (Mid / Regular), Młodszy specjalista (Junior)",Pełny etat,"Umowa o pracę, Kontrakt B2B",Praca hybrydowa
76,"https://www.pracuj.pl/praca/analityk-czka-systemowy-a-warszawa-senatorska-18,oferta,1002973264",Analityk_czka Systemowy_a,Generali,,,,,False,,,"Warszawa, Śródmieście",Specjalista (Mid / Regular),Pełny etat,Umowa o pracę,Praca od zaraz
77,"https://www.pracuj.pl/praca/sprzedawca-w-sklepie-internetowym-slotwina-pow-swidnicki-75,oferta,1002993812",Sprzedawca w sklepie internetowym,"P.H.U ""LINGO"" TOMASZ LINGO",4 242–6 242 zł brutto / mies.,4 242,6 242,False,False,,,Słotwina (pow. świdnicki),Młodszy specjalista (Junior),Pełny etat,Umowa o pracę,"Praca stacjonarna, Praca hybrydowa"
78,"https://www.pracuj.pl/praca/inzynier-ds-klasyfikacji-danych-dla-niezawodnosci-warszawa-aleja-krakowska-110-114,oferta,1003007725",Inżynier ds. klasyfikacji danych dla niezawodności,Sieć Badawcza Łukasiewicz – Instytut Lotnictwa,,,,,True,,,"Warszawa, Włochy","Specjalista (Mid / Regular), Młodszy specjalista (Junior)",Pełny etat,Umowa o pracę,Praca hybrydowa
79,"https://www.pracuj.pl/praca/konsultant-konsultantka-w-zespole-aktuarialnym-rola-miedzynarodowa-warszawa-polna-11,oferta,1003002573",Konsultant/Konsultantka w zespole Aktuarialnym (rola międzynarodowa),PwC,,,,,False,,,"Warszawa, Śródmieście",Specjalista (Mid / Regular),Pełny etat,Umowa o pracę,Praca hybrydowa
80,"https://www.pracuj.pl/praca/specjalista-ds-aktuarialnych-sopot-hestii-1,oferta,1002993666",Specjalista ds. Aktuarialnych,Grupa ERGO Hestia,,,,,False,,,Sopot,Specjalista (Mid / Regular),Pełny etat,Umowa o pracę,Praca hybrydowa
81,"https://www.pracuj.pl/praca/mlodszy-analityk-gliwice-ignacego-daszynskiego-609,oferta,1002993533",Młodszy Analityk,KENO Sp. z o.o.,,,,,False,,,Gliwice,Młodszy specjalista (Junior),Pełny etat,Umowa o pracę,Praca stacjonarna
82,"https://www.pracuj.pl/praca/head-of-production-planning-germany,oferta,10321876",Head of Production Planning,Kronospan,,,,,False,,," Sandebeck, Niemcy",Dyrektor,Pełny etat,Umowa o pracę,Praca stacjonarna
83,"https://www.pracuj.pl/praca/ekspert-ds-kredytow-konsumpcyjnych-warszawa,oferta,1002984753",Ekspert ds. Kredytów Konsumpcyjnych,Bank Pekao,,,,,False,,,Warszawa,Ekspert,Pełny etat,Umowa o pracę,Praca hybrydowa
84,"https://www.pracuj.pl/praca/ekspert-ds-zarzadzania-systemami-wynagrodzen-i-benefitow-warszawa-grochowska-312,oferta,1002962163",Ekspert ds. Zarządzania Systemami Wynagrodzeń i Benefitów,ENGIE Services Sp. z o.o.,,,,,False,,,"Warszawa, Praga-Południe","Starszy specjalista (Senior), Ekspert",Pełny etat,Umowa o pracę,Praca od zaraz
85,"https://www.pracuj.pl/praca/specialist-credit-management-support-with-italian-english-lodz-plk-jana-kilinskiego-66,oferta,1003001172","Specialist, Credit Management Support with Italian/English",BFF BANK S.P.A. Spółka Akcyjna Oddział w Polsce,,,,,False,,,"Łódź, Śródmieście",Specjalista (Mid / Regular),Pełny etat,Umowa o pracę,Запрошуємо працівників з України
86,"https://www.pracuj.pl/praca/starszy-specjalista-ds-zarzadzania-ryzykiem-modeli-warszawa-lopuszanska-38d,oferta,1002958528",Starszy Specjalista ds. zarządzania ryzykiem modeli,ALIOR BANK,,,,,True,,,"Warszawa, Włochy",Starszy specjalista (Senior),Pełny etat,Umowa o pracę,Praca hybrydowa
87,"https://www.pracuj.pl/praca/project-controls-specialist-w-m-x-specjalista-ds-kontroli-projektow-k-m-x-krakow,oferta,1002987378",Project Controls Specialist (W/M/X) / Specjalista ds. Kontroli Projektów (K/M/X),Jacobs,,,,,False,,,Kraków,Specjalista (Mid / Regular),Pełny etat,Umowa o pracę,"Praca stacjonarna, Praca hybrydowa"
88,"https://www.pracuj.pl/praca/manager-ttop-global-risk-analytics-krakow-kapelanka-42a,oferta,1002995597","Manager, TTOP – Global Risk Analytics",HSBC Service Delivery (Polska) Sp. z o.o.,,,,,True,,,"Kraków, Dębniki",Kierownik / Koordynator,Pełny etat,Umowa o pracę,Запрошуємо працівників з України
89,"https://www.pracuj.pl/praca/traded-risk-analytics-assistant-vice-president-ccr-xva-krakow-kapelanka-42a,oferta,1002995607",Traded Risk Analytics - Assistant Vice President - CCR/XVA,HSBC Service Delivery (Polska) Sp. z o.o.,,,,,True,,,"Kraków, Dębniki",Specjalista (Mid / Regular),Pełny etat,Umowa o pracę,Запрошуємо працівників з України
90,"https://www.pracuj.pl/praca/analityk-internetowy-warszawa-krakowiakow-42,oferta,1002993033",Analityk Internetowy,RTV EURO AGD,,,,,True,,,"Warszawa, Włochy",Specjalista (Mid / Regular),Pełny etat,Umowa o pracę,Praca od zaraz
91,"https://www.pracuj.pl/praca/specjalista-ds-business-intelligence-warszawa,oferta,1003000839",Specjalista ds. Business Intelligence,Grupa ENERIS,,,,,False,,,Warszawa,Specjalista (Mid / Regular),Pełny etat,Umowa o pracę,Praca od zaraz
92,,Analityk / Analityczka Procesów Oceny Ryzyka Kredytowego,Nest Bank S.A.,,,,,False,,,Miejsce pracy:Cała Polska (praca zdalna)Siedziba firmy:2 lokalizacje,Specjalista (Mid / Regular),Pełny etat,Umowa o pracę,Praca od zaraz
93,,Specjalista / Specjalistka ds. walidacji,mBank,,,,,False,,,2 lokalizacje,Specjalista (Mid / Regular),Pełny etat,Umowa o pracę,Praca hybrydowa
94,"https://www.pracuj.pl/praca/senior-consultant-ryzyko-kredytowe-financial-services-credit-risk-warszawa-inflancka-4a,oferta,1003004207",Senior Consultant - Ryzyko Kredytowe - Financial Services Credit Risk,KPMG,,,,,True,,,"Warszawa, Śródmieście",Starszy specjalista (Senior),Pełny etat,Umowa o pracę,"Praca stacjonarna, Praca hybrydowa"
95,"https://www.pracuj.pl/praca/junior-data-scientist-ryzyko-kredytowe-gdynia-legionow-126,oferta,1003014306",Junior Data Scientist (ryzyko kredytowe),Kasa Stefczyka,,,,,True,,,"Gdynia, Redłowo",Młodszy specjalista (Junior),Pełny etat,Umowa o pracę,Praca stacjonarna
96,"https://www.pracuj.pl/praca/specjalista-ds-informacji-zarzadczej-i-analiz-warszawa-chlodna-51,oferta,1002961297",Specjalista ds. Informacji Zarządczej i Analiz,UNIQA,,,,,False,,,"Warszawa, Wola","Specjalista (Mid / Regular), Młodszy specjalista (Junior)",Pełny etat,Umowa o pracę,Praca od zaraz
97,"https://www.pracuj.pl/praca/samodzielny-inzynier-samodzielna-inzynierka-ds-projektowania-systemow-cieplno-pr-warszawa-aleja-krakowska-110,oferta,1002992428",Samodzielny Inżynier/ Samodzielna Inżynierka ds. projektowania systemów cieplno-przepływowych,GE Aerospace Poland sp. z o.o.,,,,,False,,,"Warszawa, Włochy",Specjalista (Mid / Regular),Pełny etat,Umowa o pracę,Praca od zaraz
98,,Specjalista w Zespole Oceny Ryzyka i Walidacji Nadzorczej w Departamencie Inspekcji Bankowych,Urząd Komisji Nadzoru Finansowego,,,,,False,,,3 lokalizacje,"Specjalista (Mid / Regular), Starszy specjalista (Senior)",Pełny etat,Umowa o pracę,Praca od zaraz
99,"https://www.pracuj.pl/praca/manager-ka-ds-strategii-i-planowania-warszawa-woloska-5,oferta,1002992127",Manager_ka ds. Strategii i Planowania,Europ Assistance Polska,,,,,True,,,"Warszawa, Mokotów","Starszy specjalista (Senior), Ekspert",Pełny etat,Umowa o pracę,Praca hybrydowa
100,"https://www.pracuj.pl/praca/specjalista-ds-controllingu-warszawa,oferta,1002983030",Specjalista ds. Controllingu,QUANTA ENERGY SPÓŁKA AKCYJNA,,,,,False,,,Warszawa,Specjalista (Mid / Regular),Pełny etat,"Umowa o pracę, Umowa zlecenie, Kontrakt B2B",Praca stacjonarna
101,"https://www.pracuj.pl/praca/ekspert-ds-analizy-ryzyka-i-obslugi-incydentow-warszawa-pulawska-15,oferta,1002999756",Ekspert ds. Analizy Ryzyka i Obsługi Incydentów,PKO Bank Polski SA,,,,,False,,,"Warszawa, Mokotów",Ekspert,Pełny etat,Umowa o pracę,Praca hybrydowa
102,"https://www.pracuj.pl/praca/starszy-analityk-ds-systemu-tagetik-warszawa,oferta,1003013400",Starszy Analityk ds. Systemu Tagetik,PZU Centrum Operacji SA,,,,,False,,,Warszawa,Starszy specjalista (Senior),Pełny etat,Umowa o pracę,Praca hybrydowa
103,"https://www.pracuj.pl/praca/specjalista-specjalistka-biznesowej-analizy-danych-poznan,oferta,1002982834",Specjalista/specjalistka biznesowej analizy danych,Santander Bank Polska,,,,,False,,,Poznań,Specjalista (Mid / Regular),Pełny etat,Umowa o pracę,Praca hybrydowa
104,"https://www.pracuj.pl/praca/analityk-ds-systemu-tagetik-warszawa,oferta,1003013399",Analityk ds. Systemu Tagetik,PZU Centrum Operacji SA,,,,,False,,,Warszawa,Specjalista (Mid / Regular),Pełny etat,Umowa o pracę,Praca hybrydowa
105,,Regionalny Kierownik Sprzedaży,VAN PUR S.A.,,,,,False,,,2 lokalizacje,Kierownik / Koordynator,Pełny etat,Umowa o pracę,Praca mobilna
106,"https://www.pracuj.pl/praca/starszy-specjalista-ds-kontrolingu-warszawa-burakowska-14,oferta,1002960297",Starszy Specjalista ds. Kontrolingu,Leroy Merlin Polska Sp. z o.o.,,,,,True,,,"Warszawa, Wola","Starszy specjalista (Senior), Ekspert",Pełny etat,Umowa o pracę,Praca od zaraz
107,"https://www.pracuj.pl/praca/intern-ttop-gra-krakow-kapelanka-42a,oferta,1002994164",Intern TTOP GRA,HSBC Service Delivery (Polska) Sp. z o.o.,,,,,True,,,"Kraków, Dębniki",Praktykant / Stażysta,Pełny etat,Umowa o staż / praktyki,Запрошуємо працівників з України
108,"https://www.pracuj.pl/praca/dyrektor-zespolu-analiz-i-kontrolingu-warszawa-franciszka-klimczaka-1,oferta,1002991733",Dyrektor zespołu Analiz i Kontrolingu,Alsendo sp. z o.o.,,,,,False,,,"Warszawa, Wilanów","Dyrektor, Menedżer",Pełny etat,"Umowa o pracę, Kontrakt B2B",Praca od zaraz
109,"https://www.pracuj.pl/praca/mlodsza-inzynierka-mlodszy-inzynier-projektowanie-systemow-termicznych-w-silniku-warszawa-aleja-krakowska-110,oferta,1003013157",Młodsza Inżynierka / Młodszy Inżynier – projektowanie systemów termicznych w silniku lotniczym,GE Aerospace Poland sp. z o.o.,,,,,False,,,"Warszawa, Włochy",Młodszy specjalista (Junior),Pełny etat,Umowa o pracę,Praca hybrydowa
110,"https://www.pracuj.pl/praca/nauczyciel-nauczycielka-akademicki-nowy-sacz,oferta,1003013133",Nauczyciel / Nauczycielka akademicki,WYŻSZA SZKOŁA BIZNESU-NATIONAL -LOUIS UNIVERSITY Z SIEDZIBĄ W NOWYM SĄCZU,,,,,False,,,Nowy Sącz,Specjalista (Mid / Regular),"Pełny etat, Dodatkowa / tymczasowa","Umowa o pracę, Umowa zlecenie",Praca od zaraz
111,"https://www.pracuj.pl/praca/mlodszy-specjalista-ds-tworzenia-raportow-z-jezykiem-niemieckim-poznan-aleje-solidarnosci-46,oferta,1003013075",Młodszy Specjalista ds. Tworzenia Raportów z językiem niemieckim,DomData AG Sp. z o.o.,,,,,False,,,"Poznań, Stare Miasto",Młodszy specjalista (Junior),Pełny etat,Umowa o pracę,Praca od zaraz
112,"https://www.pracuj.pl/praca/analityk-analityczka-ds-produktu-gdansk-lakowa-39,oferta,1002999293",Analityk / Analityczka ds. produktu,LPP S.A.,,,,,False,,,Gdańsk,Specjalista (Mid / Regular),Pełny etat,Umowa o pracę,Praca stacjonarna
113,,Data Scientist,InPost,,,,,False,,,Miejsce pracy:Cała Polska (praca zdalna)Siedziba firmy:2 lokalizacje,"Specjalista (Mid / Regular), Starszy specjalista (Senior)",Pełny etat,"Umowa o pracę, Kontrakt B2B","Praca zdalna, Praca hybrydowa"
114,"https://www.pracuj.pl/praca/analityczka-analityk-ds-transakcji-strukturyzowanych-warszawa-marcina-kasprzaka-2,oferta,1002999211",Analityczka/ Analityk ds. Transakcji Strukturyzowanych,BNP Paribas Bank Polska S.A.,,,,,False,,,"Warszawa, Wola","Specjalista (Mid / Regular), Starszy specjalista (Senior)",Pełny etat,Umowa o pracę,Praca hybrydowa
115,"https://www.pracuj.pl/praca/architecture-operations-analyst-dataops-warszawa,oferta,1002988608","Architecture & Operations Analyst, DataOps",Equinix,,,,,True,,,Warszawa,Specjalista (Mid / Regular),Pełny etat,Umowa o pracę,Praca hybrydowa
116,"https://www.pracuj.pl/praca/stanowisko-ds-koordynacji-i-analiz-zarzadczych-warszawa-szamocka-3,oferta,1002999057",Stanowisko ds. koordynacji i analiz zarządczych,Zakład Ubezpieczeń Społecznych,,,,,False,,,"Warszawa, Żoliborz",Specjalista (Mid / Regular),Pełny etat,Umowa o pracę,Praca hybrydowa
117,"https://www.pracuj.pl/praca/stanowisko-ds-informatyki-warszawa-szamocka-3,oferta,1002999056",Stanowisko ds. informatyki,Zakład Ubezpieczeń Społecznych,,,,,False,,,"Warszawa, Żoliborz",Specjalista (Mid / Regular),Pełny etat,Umowa o pracę,Praca hybrydowa
118,"https://www.pracuj.pl/praca/net-developer-with-german-warszawa-zajecza-15,oferta,1003005330",.NET Developer with German,CHABRE IT SERVICES,180 zł netto (+ VAT) / godz.,180,,True,True,,,"Miejsce pracy:Cała Polska (praca zdalna)Siedziba firmy:Warszawa, Śródmieście",Specjalista (Mid / Regular),Pełny etat,Kontrakt B2B,"Praca zdalna, Praca hybrydowa"
119,"https://www.pracuj.pl/praca/analityk-analityczka-ds-zarzadzania-ryzykiem-finansowym-w-ey-polska-warszawa-rondo-onz-1,oferta,1003012751",Analityk / Analityczka ds. zarządzania ryzykiem finansowym w EY Polska,EY (dawniej Ernst & Young),,,,,False,,,"Warszawa, Śródmieście",Specjalista (Mid / Regular),Pełny etat,Umowa o pracę,Praca hybrydowa
120,"https://www.pracuj.pl/praca/samodzielny-inzynier-ds-oprogramowania-i-baz-danych-warszawa-aleja-krakowska-110-114,oferta,1003005198",Samodzielny Inżynier ds. Oprogramowania i Baz Danych,Sieć Badawcza Łukasiewicz – Instytut Lotnictwa,,,,,True,,,"Warszawa, Włochy",Specjalista (Mid / Regular),Pełny etat,Umowa o pracę,Praca od zaraz
121,"https://www.pracuj.pl/praca/specjalista-specjalistka-ds-walidacji-modeli-warszawa-prosta-18,oferta,1002959205",Specjalista / Specjalistka ds. walidacji modeli,mBank,,,,,False,,,"Warszawa, Wola","Specjalista (Mid / Regular), Młodszy specjalista (Junior)",Pełny etat,Umowa o pracę,Praca hybrydowa
122,,Specjalistka / Specjalista w Zespole Walidacji Modeli,VeloBank S.A.,,,,,False,,,2 lokalizacje,Specjalista (Mid / Regular),Pełny etat,Umowa o pracę,Praca od zaraz
123,"https://www.pracuj.pl/praca/specjalista-specjalistka-ds-analizy-finansowej-produktu-gdansk-lakowa-39,oferta,1002998775",Specjalista / Specjalistka ds. analizy finansowej produktu,LPP S.A.,,,,,False,,,Gdańsk,Specjalista (Mid / Regular),Pełny etat,Umowa o pracę,Praca stacjonarna
124,"https://www.pracuj.pl/praca/information-classification-process-consultant-warszawa,oferta,1002959045",Information Classification Process Consultant,Bayer,13 000–21 000 zł brutto / mies.,13 000,21 000,False,False,,,Warszawa,Specjalista (Mid / Regular),Pełny etat,Umowa o pracę,Praca hybrydowa
125,"https://www.pracuj.pl/praca/data-processing-specialist-poznan-krolowej-jadwigi-43,oferta,1002981667",Data Processing Specialist,mTab sp. z o.o.,,,,,True,,,"Miejsce pracy:Cała Polska (praca zdalna)Siedziba firmy:Poznań, Wilda","Specjalista (Mid / Regular), Młodszy specjalista (Junior)",Pełny etat,"Umowa o pracę, Kontrakt B2B","Praca zdalna, Praca hybrydowa"
126,"https://www.pracuj.pl/praca/specjalista-ds-analiz-gdynia,oferta,1003011905",Specjalista ds. Analiz,BEST S.A.,,,,,True,,,Gdynia,"Specjalista (Mid / Regular), Młodszy specjalista (Junior)",Pełny etat,Umowa o pracę,Praca hybrydowa
127,,Standard Tools and Processes Specialist,Devire,10 000–14 000 zł brutto / mies.,10 000,14 000,False,False,,,3 lokalizacje,Starszy specjalista (Senior),Pełny etat,Umowa o pracę,Praca zdalna
128,"https://www.pracuj.pl/praca/specjalista-ds-finansowych-analiza-rynkow-finansowych-warszawa-komitetu-obrony-robotnikow-43,oferta,1002990576",Specjalista ds. Finansowych (Analiza rynków finansowych),Polska Grupa Lotnicza,,,,,False,,,"Warszawa, Włochy",Specjalista (Mid / Regular),Pełny etat,"Umowa zlecenie, Kontrakt B2B",Praca od zaraz
129,"https://www.pracuj.pl/praca/manager-ttop-global-risk-analytics-ccr-xva-krakow-kapelanka-42a,oferta,1002984474","Manager, TTOP Global Risk Analytics – CCR/XVA",HSBC Service Delivery (Polska) Sp. z o.o.,,,,,True,,,"Kraków, Dębniki",Kierownik / Koordynator,Pełny etat,Umowa o pracę,Запрошуємо працівників з України
130,"https://www.pracuj.pl/praca/specjalista-ds-strategii-kapitalu-warszawa-lopuszanska-38d,oferta,1002987746",Specjalista ds. Strategii Kapitału,ALIOR BANK,,,,,True,,,"Warszawa, Włochy",Specjalista (Mid / Regular),Pełny etat,Umowa o pracę,Praca hybrydowa
131,"https://www.pracuj.pl/praca/specjalista-ds-finansowych-platnosci-kartowe-warszawa-komitetu-obrony-robotnikow-43,oferta,1002990566",Specjalista ds. Finansowych (Płatności Kartowe),Polska Grupa Lotnicza,,,,,False,,,"Warszawa, Włochy",Specjalista (Mid / Regular),Pełny etat,"Umowa zlecenie, Kontrakt B2B",Praca od zaraz
132,"https://www.pracuj.pl/praca/analityk-w-dziale-personalnym-lodz-sw-teresy-od-dzieciatka-jezus-109,oferta,1002990490",Analityk w Dziale Personalnym,Rossmann SDP,,,,,False,,,"Łódź, Bałuty",Specjalista (Mid / Regular),Pełny etat,Umowa o pracę,Praca stacjonarna
133,,Starsza Specjalistka / Starszy Specjalista w Wydziale Modeli i Analiz Ryzyka,VeloBank S.A.,,,,,False,,,2 lokalizacje,Starszy specjalista (Senior),Pełny etat,Umowa o pracę,Praca od zaraz
134,"https://www.pracuj.pl/praca/rollout-manager-warszawa-prosta-68,oferta,1002997901",Rollout Manager,Worldline,,,,,True,,,"Warszawa, Wola",Kierownik / Koordynator,Pełny etat,Umowa o pracę,Запрошуємо працівників з України
135,"https://www.pracuj.pl/praca/specjalista-tka-ds-planowania-dystrybucji-tychy-mikolowska-5,oferta,1002997889",Specjalista(-tka) ds. planowania dystrybucji,Kompania Piwowarska,,,,,True,,,Tychy,Specjalista (Mid / Regular),Pełny etat,Umowa o pracę,Praca hybrydowa
136,"https://www.pracuj.pl/praca/specjalista-ds-rozwoju-systemu-ryzyka-rynkowego-warszawa,oferta,1002983771",Specjalista ds. Rozwoju Systemu Ryzyka Rynkowego,PKO Bank Polski SA,,,,,False,,,Warszawa,Specjalista (Mid / Regular),Pełny etat,Umowa o pracę,Praca hybrydowa
137,"https://www.pracuj.pl/praca/software-research-engineer-mathematical-modelling-implementation-warszawa-przyokopowa-31,oferta,1002961434",Software/Research Engineer (mathematical modelling/implementation),Huawei Polska Sp. z o.o.,,,,,True,,,"Warszawa, Wola",Specjalista (Mid / Regular),Pełny etat,Umowa agencyjna,Praca hybrydowa
138,"https://www.pracuj.pl/praca/starszy-specjalista-ds-kontrolingu-sprzedazy-warszawa,oferta,1003011222",Starszy Specjalista ds. Kontrolingu Sprzedaży,GRUPA PZU,,,,,False,,,Warszawa,"Starszy specjalista (Senior), Ekspert",Pełny etat,Umowa o pracę,Praca hybrydowa
139,"https://www.pracuj.pl/praca/mlodszy-ksiegowy-mlodsza-ksiegowa-gdansk-chmielna-26,oferta,1002971545",Młodszy księgowy / Młodsza księgowa,3P LOGISTICS sp. z o.o.,5 000–6 000 zł brutto / mies.,5 000,6 000,False,False,,,Gdańsk,Młodszy specjalista (Junior),Pełny etat,Umowa o pracę,Praca od zaraz
140,"https://www.pracuj.pl/praca/mlodszy-programista-c%2b%2b-java-warszawa-ostrobramska-86,oferta,1002989868",Młodszy Programista C++/Java,ATENDE INDUSTRIES SPÓŁKA Z OGRANICZONĄ ODPOWIEDZIALNOŚCIĄ,8 000–10 000 zł brutto / mies.,8 000,10 000,False,False,,,"Warszawa, Praga-Południe",Młodszy specjalista (Junior),Pełny etat,Umowa o pracę,Praca hybrydowa
141,"https://www.pracuj.pl/praca/analityk-aktuarialny-warszawa-aleje-jerozolimskie-142b,oferta,1003011042",Analityk Aktuarialny,INTER Polska,,,,,False,,,"Warszawa, Ochota",Specjalista (Mid / Regular),Pełny etat,Umowa o pracę,Praca od zaraz
142,"https://www.pracuj.pl/praca/mlodszy-analityk-ds-revenue-performance-warszawa-komitetu-obrony-robotnikow-43,oferta,1003011017",Młodszy Analityk ds. Revenue Performance,Polskie Linie Lotnicze LOT,,,,,False,,,"Warszawa, Włochy","Specjalista (Mid / Regular), Młodszy specjalista (Junior)",Pełny etat,"Umowa zlecenie, Kontrakt B2B","Praca stacjonarna, Praca hybrydowa"
143,"https://www.pracuj.pl/praca/reporting-analyst-krakow-wadowicka-3b,oferta,1002980318",Reporting Analyst,Lufthansa Global Business Services sp. z o.o.,,,,,False,,,"Kraków, Podgórze","Specjalista (Mid / Regular), Starszy specjalista (Senior)",Pełny etat,Umowa o pracę,Praca hybrydowa
144,"https://www.pracuj.pl/praca/analityk-hurtowego-rynku-energii-i-gazu-warszawa,oferta,1002983069",Analityk Hurtowego Rynku Energii i Gazu,Smart-HR,,,,,False,,,Warszawa,Specjalista (Mid / Regular),Pełny etat,Umowa o pracę,"Praca stacjonarna, Praca hybrydowa"
145,"https://www.pracuj.pl/praca/senior-specialist-specialist-in-model-validation-warszawa,oferta,1002989469",Senior Specialist / Specialist in Model Validation,Antal Banking & Insurance,,,,,False,,,Warszawa,"Specjalista (Mid / Regular), Starszy specjalista (Senior)",Pełny etat,Umowa o pracę,Praca od zaraz
146,"https://www.pracuj.pl/praca/junior-data-analyst-warszawa-aleje-jerozolimskie-100,oferta,1003010703",Junior Data Analyst,Adecco Poland Sp. z o.o.,,,,,False,,,"Warszawa, Ochota",Młodszy specjalista (Junior),Pełny etat,Umowa o pracę tymczasową,Praca od zaraz
147,"https://www.pracuj.pl/praca/analityk-danych-lodz-zbaszynska-3,oferta,1002980115",Analityk danych,Polska Grupa Farmaceutyczna S.A.,,,,,False,,,"Łódź, Bałuty",Specjalista (Mid / Regular),Pełny etat,Umowa o pracę,Praca stacjonarna
148,"https://www.pracuj.pl/praca/starszy-specjalista-ds-modelowania-ryzyka-kredytowego-warszawa-romualda-traugutta-7-9,oferta,1002963546",Starszy Specjalista ds. Modelowania Ryzyka Kredytowego,Citi Handlowy,,,,,False,,,"Warszawa, Śródmieście",Starszy specjalista (Senior),Pełny etat,Umowa o pracę,Praca hybrydowa
149,,BI Specialist,HCL Poland,,,,,True,,,2 lokalizacje,Specjalista (Mid / Regular),Pełny etat,Umowa o pracę,Praca hybrydowa
150,"https://www.pracuj.pl/praca/stazysta-w-dziale-controllingu-kutno,oferta,1002996855",Stażysta w dziale Controllingu,Animex Foods sp. z o.o.,,,,,False,,,Kutno,Praktykant / Stażysta,Pełny etat,Umowa o staż / praktyki,Praca od zaraz
151,"https://www.pracuj.pl/praca/specjalista-ds-kontrolingu-m-k-lublin,oferta,1002989154",Specjalista ds. Kontrolingu (m/k),Imar Service Group sp. z o.o,6 000–8 500 zł brutto / mies.,6 000,8 500,False,False,,,Lublin,Specjalista (Mid / Regular),Pełny etat,Umowa o pracę,Praca hybrydowa
152,"https://www.pracuj.pl/praca/platny-staz-do-departamentu-wsparcia-hr-biura-analiz-hr-poznan,oferta,1003010494",Płatny staż do Departamentu Wsparcia HR/ Biura Analiz HR,ENEA Centrum Sp. z o.o.,,,,,False,,,Poznań,Praktykant / Stażysta,Pełny etat,Umowa o staż / praktyki,Praca stacjonarna
153,,Przedstawiciel Handlowy / Przedstawicielka Handlowa (Kanał Tradycyjny),Grupa Żywiec,,,,,False,,,2 lokalizacje,Specjalista (Mid / Regular),Pełny etat,Umowa o pracę,Praca mobilna
154,"https://www.pracuj.pl/praca/specjalista-ds-kontrolingu-rzeszow,oferta,1003010085",Specjalista ds. Kontrolingu,Abalone Poland Sp. z o.o.,,,,,False,,,Rzeszów,Specjalista (Mid / Regular),Pełny etat,Umowa o pracę,Praca od zaraz
155,,Business Unit Controller,Goldman Recruitment,,,,,False,,,3 lokalizacje,Menedżer,Pełny etat,Umowa o pracę,Praca hybrydowa
156,"https://www.pracuj.pl/praca/mlodszy-a-tester-ka-systemow-informatycznych-warszawa-plac-europejski-2,oferta,1002979204",Młodszy/a Tester/ka Systemów Informatycznych,Benefit Systems S.A.,,,,,True,,,"Warszawa, Wola","Asystent, Młodszy specjalista (Junior)","Pełny etat, Część etatu",Umowa zlecenie,Praca od zaraz
157,"https://www.pracuj.pl/praca/specjalista-tka-ds-modelowania-finansowego-warszawa-ludwika-rydygiera-8,oferta,1002979176",Specjalista/tka ds. Modelowania Finansowego,RESPECT ENERGY S.A.,,,,,False,,,"Warszawa, Żoliborz","Specjalista (Mid / Regular), Starszy specjalista (Senior)",Pełny etat,"Umowa o pracę, Kontrakt B2B",Szukamy wielu kandydatów (2 wakaty)
158,"https://www.pracuj.pl/praca/specjalista-tka-ds-rozwoju-i-optymalizacji-procesow-finansowych-warszawa-senatorska-18,oferta,1002991106",Specjalista_tka ds. Rozwoju i Optymalizacji Procesów Finansowych,Generali,,,,,False,,,"Warszawa, Śródmieście","Specjalista (Mid / Regular), Młodszy specjalista (Junior)",Pełny etat,Umowa o pracę,Praca od zaraz
159,"https://www.pracuj.pl/praca/programista-java-warszawa-plac-konesera-10a,oferta,1002978994",Programista Java,Atende S.A.,,,,,False,,,Warszawa,Specjalista (Mid / Regular),Pełny etat,"Umowa o pracę, Kontrakt B2B",Praca hybrydowa
160,"https://www.pracuj.pl/praca/specjalista-ryzyko-rynkowe-warszawa,oferta,1002987988",Specjalista - Ryzyko Rynkowe,ING Bank Śląski S.A.,,,,,False,,,Warszawa,Specjalista (Mid / Regular),Pełny etat,"Umowa o pracę, Umowa na zastępstwo",Szukamy wielu kandydatów (2 wakaty)
161,"https://www.pracuj.pl/praca/analityk-ds-zarzadzania-ryzykiem-kredytowym-warszawa-szturmowa-2a,oferta,1003009707",Analityk ds. Zarządzania Ryzykiem Kredytowym,Polenergia Fotowoltaika,,,,,False,,,"Warszawa, Mokotów",Specjalista (Mid / Regular),Pełny etat,Umowa o pracę,Praca od zaraz
162,"https://www.pracuj.pl/praca/mlodszy-specjalista-ds-taryfikacji-warszawa-stanislawa-noakowskiego-22,oferta,1002968142",Młodszy Specjalista ds. Taryfikacji,InterRisk Towarzystwo Ubezpieczeń Spółka Akcyjna Vienna Insurance Group,,,,,False,,,"Warszawa, Śródmieście",Młodszy specjalista (Junior),Pełny etat,Umowa o pracę,Praca hybrydowa
163,"https://www.pracuj.pl/praca/ekspert-specjalista-ds-analiz-finansowych-lubin-marii-sklodowskiej-curie-82,oferta,1003009642",Ekspert/Specjalista ds. analiz finansowych,"TOWARZYSTWO UBEZPIECZEŃ WZAJEMNYCH ""CUPRUM""",,,,,False,,,Lubin,Ekspert,Pełny etat,Umowa o pracę,Praca hybrydowa
164,"https://www.pracuj.pl/praca/salesforce-marketing-cloud-specialist-wroclaw-legnicka-48b,oferta,1002987698",Salesforce Marketing Cloud Specialist,Santander Consumer Bank SA,,,,,False,,,"Wrocław, Fabryczna",Specjalista (Mid / Regular),Pełny etat,Umowa o pracę,Praca od zaraz
165,"https://www.pracuj.pl/praca/specjalistka-specjalista-ds-ryzyka-rynkowego-i-ryzyka-plynnosci-warszawa-marcina-kasprzaka-2,oferta,1002967943",Specjalistka / Specjalista ds. Ryzyka Rynkowego i Ryzyka Płynności,BNP Paribas Bank Polska S.A.,,,,,False,,,"Warszawa, Wola","Specjalista (Mid / Regular), Starszy specjalista (Senior)",Pełny etat,Umowa o pracę,Praca hybrydowa
166,"https://www.pracuj.pl/praca/senior-data-scientist-in-artificial-intelligence-team-warszawa-plac-europejski-1,oferta,1002981505",Senior Data Scientist in Artificial Intelligence Team,Samsung R&D Institute Poland,,,,,True,,,"Warszawa, Wola",Starszy specjalista (Senior),Pełny etat,Umowa o pracę,Praca hybrydowa
167,"https://www.pracuj.pl/praca/ekspertka-ekspert-ds-analiz-portfela-kredytowego-i-raportowania-zarzadczego-warszawa,oferta,1002995589",Ekspertka / Ekspert ds. Analiz Portfela Kredytowego i Raportowania Zarządczego,BNP Paribas Bank Polska S.A.,,,,,False,,,Warszawa,Ekspert,Pełny etat,Umowa o pracę,Praca od zaraz
168,"https://www.pracuj.pl/praca/underwriter-ubezpieczen-finansowych-katowice-graniczna-54,oferta,1003009290",Underwriter Ubezpieczeń Finansowych,Grupa ERGO Hestia,,,,,False,,,Katowice,Specjalista (Mid / Regular),Pełny etat,Umowa o pracę,Praca hybrydowa
169,"https://www.pracuj.pl/praca/starsza-menadzerka-starszy-menedzer-ds-finansowania-strukturyzowanego-warszawa-marcina-kasprzaka-2,oferta,1002981238",Starsza Menadżerka / Starszy Menedżer ds. Finansowania Strukturyzowanego,BNP Paribas Bank Polska S.A.,,,,,False,,,"Warszawa, Wola","Starszy specjalista (Senior), Ekspert",Pełny etat,Umowa o pracę,Praca hybrydowa
170,"https://www.pracuj.pl/praca/mlodszy-specjalista-ds-wsparcia-i-analizy-sprzedazy-warszawa-aleja-jana-pawla-ii-22,oferta,1003009145",Młodszy specjalista ds. wsparcia i analizy sprzedaży,Oticon Polska Sp. z o. o.,5 000–6 400 zł brutto / mies.,5 000,6 400,False,False,,,"Warszawa, Śródmieście","Specjalista (Mid / Regular), Młodszy specjalista (Junior)",Pełny etat,Umowa o pracę,Praca stacjonarna
171,"https://www.pracuj.pl/praca/specjalista-ds-kontrolingu-analityk-finansowy-tczew-skarszewska-15,oferta,1003009108",Specjalista ds. Kontrolingu/Analityk finansowy,PanLink Sp. z o.o.,,,,,False,,,Tczew,"Specjalista (Mid / Regular), Młodszy specjalista (Junior)","Pełny etat, Część etatu",Umowa o pracę,Praca hybrydowa
172,"https://www.pracuj.pl/praca/mlodsz-specjalist-ds-analiz-ubezpieczeniowych-warszawa-cybernetyki-7a,oferta,1002970610",Młodsz_ Specjalist_ ds. Analiz Ubezpieczeniowych,GRUPA NEUCA,,,,,False,,,"Warszawa, Mokotów","Specjalista (Mid / Regular), Młodszy specjalista (Junior)",Pełny etat,Umowa o pracę,Praca od zaraz
173,"https://www.pracuj.pl/praca/smb-ops-summer-internship-program-2024-open-warszawa,oferta,1002980784",SMB Ops Summer Internship Program 2024 (Open),Citi Poland,,,,,True,,,Warszawa,Praktykant / Stażysta,Pełny etat,Umowa o pracę,Praca hybrydowa
174,"https://www.pracuj.pl/praca/risk-summer-analyst-program-2024-warszawa-prosta-36,oferta,1002980780",Risk Summer Analyst Program 2024,Citi Poland,,,,,True,,,"Warszawa, Wola",Praktykant / Stażysta,Pełny etat,Umowa o pracę,Praca hybrydowa
175,"https://www.pracuj.pl/praca/internal-audit-summer-analyst-program-2024-warszawa,oferta,1002980777",Internal Audit Summer Analyst Program 2024,Citi Poland,,,,,True,,,Warszawa,Praktykant / Stażysta,Pełny etat,Umowa o pracę,Praca hybrydowa
176,"https://www.pracuj.pl/praca/full-time-analyst-program-in-smb-ops-2024-warszawa,oferta,1002980778",Full Time Analyst Program in SMB Ops 2024,Citi Poland,,,,,True,,,Warszawa,Praktykant / Stażysta,Pełny etat,Umowa o pracę,Praca hybrydowa
177,"https://www.pracuj.pl/praca/wdrozeniowiec-it-specjalista-ds-wsparcia-technicznego-gdansk-norwida-4,oferta,1002980688",Wdrożeniowiec IT/Specjalista ds. wsparcia technicznego,TRONIK Sp. z o.o. Sp. k.,,,,,False,,,Gdańsk,Specjalista (Mid / Regular),Pełny etat,"Umowa o pracę, Kontrakt B2B","Praca stacjonarna, Praca hybrydowa"
178,"https://www.pracuj.pl/praca/senior-data-engineer-warszawa,oferta,1003008972",Senior Data Engineer,NATEK POLAND,,,,,True,,,Warszawa,Starszy specjalista (Senior),Pełny etat,Kontrakt B2B,Praca od zaraz
179,"https://www.pracuj.pl/praca/mlodszy-ekspert-ds-analizy-i-wizualizacji-danych-warszawa-woloska-16,oferta,1002978149",Młodszy Ekspert ds. Analizy i Wizualizacji Danych,Lidl Sp. z o.o. Sp.k.,,,,,False,,,"Warszawa, Mokotów","Starszy specjalista (Senior), Ekspert",Pełny etat,Umowa o pracę,Praca stacjonarna
180,"https://www.pracuj.pl/praca/glowny-ksiegowy-glowna-ksiegowa-warszawa-zwirki-i-wigury-16a,oferta,1003008866",Główny księgowy / Główna księgowa,ACCROWELL SPÓŁKA Z OGRANICZONĄ ODPOWIEDZIALNOŚCIĄ,,,,,False,,,"Warszawa, Włochy",Kierownik / Koordynator,Pełny etat,"Umowa o pracę, Kontrakt B2B",Praca hybrydowa
181,"https://www.pracuj.pl/praca/mlodszy-specjalista-ds-kontrolingu-rzeszow-olchowa-14,oferta,1003008800",Młodszy Specjalista ds. Kontrolingu,Asseco Poland S.A.,,,,,False,,,Rzeszów,Młodszy specjalista (Junior),Pełny etat,Umowa o pracę,Praca od zaraz
182,"https://www.pracuj.pl/praca/specjalista-ds-systemow-raportowania-power-bi-lodz-plk-jana-kilinskiego-2,oferta,1003008715",Specjalista ds. Systemów Raportowania (Power BI),ATLAS Sp. z o.o.,,,,,False,,,"Łódź, Bałuty",Specjalista (Mid / Regular),Pełny etat,Umowa o pracę,Praca stacjonarna
183,"https://www.pracuj.pl/praca/specjalista-ka-ds-projektow-badawczych-warszawa-wawelska-15b,oferta,1002994697",Specjalista/ka ds. projektów badawczych,Narodowy Instytut Onkologii im. Marii Skłodowskiej-Curie - Państwowy Instytut Badawczy,,,,,False,,,"Warszawa, Ochota","Specjalista (Mid / Regular), Starszy specjalista (Senior)",Pełny etat,Umowa o pracę,Praca od zaraz
184,"https://www.pracuj.pl/praca/informatyk-analityk-bolszewo-pow-wejherowski-szkolna-54,oferta,1002994686",Informatyk - Analityk,PORTA KMI POLAND spółka akcyjna,,,,,False,,,Bolszewo (pow. wejherowski),"Specjalista (Mid / Regular), Starszy specjalista (Senior)",Pełny etat,"Umowa o pracę, Kontrakt B2B",Praca od zaraz
185,"https://www.pracuj.pl/praca/starszy-audytor-ds-funkcji-wsparcia-warszawa,oferta,1003008657",Starszy Audytor ds. Funkcji Wsparcia,PKO Bank Polski SA,,,,,False,,,Warszawa,"Starszy specjalista (Senior), Ekspert",Pełny etat,Umowa o pracę,Praca hybrydowa
186,"https://www.pracuj.pl/praca/senior-bi-data-engineer-katowice-francuska-36,oferta,1002989735",Senior BI Data Engineer,Rockwell Automation,,,,,False,,,Katowice,Starszy specjalista (Senior),Pełny etat,Umowa o pracę,Praca od zaraz
187,,Analityk/-czka Biznesowy/-a InPost,Integer Group Services Sp. z o.o,,,,,False,,,2 lokalizacje,"Specjalista (Mid / Regular), Starszy specjalista (Senior)",Pełny etat,Umowa o pracę,Praca zdalna
188,,Księgowy/-a w dziale Księgi Głównej,ZF Group,,,,,False,,,2 lokalizacje,"Specjalista (Mid / Regular), Młodszy specjalista (Junior)",Pełny etat,Umowa na zastępstwo,Praca od zaraz
189,"https://www.pracuj.pl/praca/specjalista-ds-analiz-solec-kujawski-unii-europejskiej-2b,oferta,1003008455",Specjalista ds. Analiz,PW AUTOS Sp. z o.o.,5 000–9 000 zł brutto / mies.,5 000,9 000,False,False,,,Solec Kujawski,"Specjalista (Mid / Regular), Młodszy specjalista (Junior)",Pełny etat,Umowa o pracę,Praca od zaraz
190,,Specjalista / Specjalistka ds. modelowania parametrów ekonomicznych,mBank,,,,,False,,,2 lokalizacje,Specjalista (Mid / Regular),Pełny etat,Umowa na zastępstwo,"Praca zdalna, Praca hybrydowa"
191,"https://www.pracuj.pl/praca/mlodszy-specjalista-w-dziale-systemow-i-analiz-zakupowych-w-pionie-zakupow-warszawa-mszczonowska-4,oferta,1002979850",Młodszy Specjalista w Dziale Systemów i Analiz Zakupowych w Pionie Zakupów,OPERATOR GAZOCIĄGÓW PRZESYŁOWYCH GAZ-SYSTEM S.A.,,,,,False,,,"Warszawa, Ochota",Młodszy specjalista (Junior),Pełny etat,Umowa o pracę,Praca stacjonarna
192,"https://www.pracuj.pl/praca/konsultant-konsultantka-w-zespole-actuarial-audit-advisory-warszawa-polna-11,oferta,1002989147",Konsultant/Konsultantka w zespole Actuarial Audit & Advisory,PwC,,,,,False,,,"Warszawa, Śródmieście",Specjalista (Mid / Regular),Pełny etat,Umowa o pracę,Praca hybrydowa
193,"https://www.pracuj.pl/praca/ekspert-ds-modelowania-ryzyka-kredytowego-warszawa-romualda-traugutta-7-9,oferta,1002979813",Ekspert ds. Modelowania Ryzyka Kredytowego,Citi Handlowy,,,,,False,,,"Warszawa, Śródmieście","Starszy specjalista (Senior), Ekspert",Pełny etat,Umowa o pracę,Praca hybrydowa
194,,Inspektor w Zespole Kontroli Ryzyka w Departamencie Inspekcji Bankowych,Urząd Komisji Nadzoru Finansowego,,,,,False,,,6 lokalizacji,"Starszy specjalista (Senior), Ekspert",Pełny etat,Umowa o pracę,"Praca stacjonarna, Praca hybrydowa"
195,"https://www.pracuj.pl/praca/pracownik-administracyjno-biurowy-warszawa,oferta,1003007811",Pracownik Administracyjno - Biurowy,ASISTWORK Sp. z o.o.,,,,,False,,,Warszawa,Specjalista (Mid / Regular),Pełny etat,Umowa o pracę,Praca stacjonarna
196,"https://www.pracuj.pl/praca/programista-python-specjalista-ds-modeli-dabrowa-gornicza-aleja-jozefa-pilsudskiego-92,oferta,1003007726",Programista Python- Specjalista ds. modeli,ArcelorMittal Poland S.A.,,,,,True,,,Dąbrowa Górnicza,Specjalista (Mid / Regular),Pełny etat,Umowa o pracę,"Praca stacjonarna, Praca hybrydowa"
197,"https://www.pracuj.pl/praca/mlodsza-specjalistka-mlodszy-specjalista-w-zespole-ds-ewidencji-zobowiazan-lodz,oferta,1002968771",Młodsza Specjalistka / Młodszy Specjalista w Zespole ds. Ewidencji Zobowiązań,PGE Energetyka Kolejowa Centrum Usług Wspólnych,,,,,False,,,Łódź,Młodszy specjalista (Junior),Pełny etat,Umowa o pracę,Praca stacjonarna
198,"https://www.pracuj.pl/praca/data-analyst-k-m-warszawa,oferta,1002976532",Data analyst (k/m),Santander Bank Polska,,,,,False,,,Warszawa,Specjalista (Mid / Regular),Pełny etat,Umowa o pracę,Praca hybrydowa
199,"https://www.pracuj.pl/praca/mlodszy-a-ksiegowy-a-warszawa-aleje-jerozolimskie-81,oferta,1002968697",Młodszy /a Księgowy /a,Omnipack Sp. z o.o.,,,,,False,,,"Warszawa, Ochota",Młodszy specjalista (Junior),Pełny etat,"Umowa o pracę, Umowa zlecenie",Praca od zaraz
200,"https://www.pracuj.pl/praca/data-analyst-k-m-warszawa,oferta,1002976532",Data analyst (k/m),Santander Bank Polska,,,,,False,,,Warszawa,Specjalista (Mid / Regular),Pełny etat,Umowa o pracę,Praca hybrydowa
201,"https://www.pracuj.pl/praca/mlodszy-a-ksiegowy-a-warszawa-aleje-jerozolimskie-81,oferta,1002968697",Młodszy /a Księgowy /a,Omnipack Sp. z o.o.,,,,,False,,,"Warszawa, Ochota",Młodszy specjalista (Junior),Pełny etat,"Umowa o pracę, Umowa zlecenie",Praca od zaraz
202,"https://www.pracuj.pl/praca/specjalista-ds-controllingu-gliwice-wyczolkowskiego-16,oferta,1003007546",Specjalista ds. Controllingu,Zakłady Metalowe Postęp SA,,,,,False,,,Gliwice,Specjalista (Mid / Regular),Pełny etat,Umowa o pracę,Praca stacjonarna
203,"https://www.pracuj.pl/praca/mlodszy-specjalista-ds-wsparcia-rozliczen-warszawa-zlota-59,oferta,1002998781",Młodszy Specjalista ds. Wsparcia Rozliczeń,DECERTO Sp. z o.o.,,,,,False,,,"Warszawa, Śródmieście","Specjalista (Mid / Regular), Młodszy specjalista (Junior)",Pełny etat,"Umowa o pracę, Umowa zlecenie",Praca od zaraz
204,"https://www.pracuj.pl/praca/samodzielny-inzynier-samodzielna-inzynierka-projektowanie-systemow-termicznych-w-warszawa-aleja-krakowska-110,oferta,1002976129",Samodzielny Inżynier / Samodzielna Inżynierka - projektowanie systemów termicznych w silniku lotniczym,GE Aerospace Poland sp. z o.o.,,,,,False,,,"Warszawa, Włochy",Specjalista (Mid / Regular),Pełny etat,Umowa o pracę,Praca od zaraz
205,"https://www.pracuj.pl/praca/nauczyciel-nauczycielka-matematyki-warszawa-domaniewska-50,oferta,1002968229",Nauczyciel / Nauczycielka matematyki,"""MERIDIAN"" sp. z o.o.",,,,,False,,,"Warszawa, Mokotów",Specjalista (Mid / Regular),"Pełny etat, Część etatu",Umowa o pracę,Praca stacjonarna
206,"https://www.pracuj.pl/praca/analityk-aktuarialny-dla-ubezpieczen-na-zycie-warszawa,oferta,1002976078",Analityk Aktuarialny dla ubezpieczeń na życie,Nationale-Nederlanden,,,,,False,,,Warszawa,Specjalista (Mid / Regular),Pełny etat,Umowa o pracę,Praca hybrydowa
207,"https://www.pracuj.pl/praca/ml-engineer-warszawa-komitetu-obrony-robotnikow-43,oferta,1003007295",ML Engineer,Polskie Linie Lotnicze LOT,,,,,False,,,"Warszawa, Włochy","Specjalista (Mid / Regular), Starszy specjalista (Senior)",Pełny etat,Kontrakt B2B,Praca hybrydowa
208,"https://www.pracuj.pl/praca/menedzer-zespolu-adekwatnosci-kapitalowej-warszawa-chmielna-73,oferta,1003007287",Menedżer Zespołu Adekwatności Kapitałowej,Bank Gospodarstwa Krajowego,,,,,False,,,"Warszawa, Wola",Menedżer,Pełny etat,Umowa o pracę,Praca hybrydowa
209,"https://www.pracuj.pl/praca/ekspert-ds-kontroli-operacji-finansowych-warszawa-chmielna-73,oferta,1003007286",Ekspert ds. Kontroli Operacji Finansowych,Bank Gospodarstwa Krajowego,,,,,False,,,"Warszawa, Wola",Ekspert,Pełny etat,Umowa o pracę,Praca hybrydowa
210,"https://www.pracuj.pl/praca/senior-financial-analyst-coe-lodz-doctor-stefana-kopcinskiego-64,oferta,1002958955",Senior Financial Analyst COE,McCormick Shared Services,,,,,False,,,"Łódź, Widzew","Specjalista (Mid / Regular), Starszy specjalista (Senior)",Pełny etat,Umowa o pracę,Praca od zaraz
211,"https://www.pracuj.pl/praca/software-developer-warszawa,oferta,1002975576",Software Developer,UPS,,,,,False,,,Warszawa,Specjalista (Mid / Regular),Pełny etat,Umowa o pracę,Praca hybrydowa
212,"https://www.pracuj.pl/praca/glowny-specjalista-analityk-bi-warszawa,oferta,1002967578",Główny Specjalista - Analityk BI,Towarzystwo Ubezpieczeń Wzajemnych Polski Zakład Ubezpieczeń Wzajemnych,,,,,False,,,Warszawa,Specjalista (Mid / Regular),Pełny etat,Umowa o pracę,Praca hybrydowa
213,"https://www.pracuj.pl/praca/senior-data-scientist-fleet-solutions-krakow-czerwone-maki-85,oferta,1002964597",Senior Data Scientist - Fleet Solutions,Shell,,,,,False,,,"Kraków, Dębniki","Starszy specjalista (Senior), Ekspert",Pełny etat,Umowa o pracę,Praca od zaraz
214,"https://www.pracuj.pl/praca/kontroler-ds-gospodarki-materialowej-zywiec,oferta,1002992374",Kontroler ds. gospodarki materiałowej,Szpital Żywiec,,,,,True,,,Żywiec,Specjalista (Mid / Regular),Pełny etat,Umowa o pracę,Praca stacjonarna
215,"https://www.pracuj.pl/praca/analityk-danych-hr-zywiec,oferta,1002992372",Analityk Danych HR,Szpital Żywiec,,,,,True,,,Żywiec,Specjalista (Mid / Regular),Pełny etat,Umowa o pracę,Praca stacjonarna
216,"https://www.pracuj.pl/praca/pricing-analyst-bu-inpost-fresh-warszawa-czerniakowska-87a,oferta,1002977903",Pricing Analyst (BU InPost Fresh),Integer Group Services Sp. z o.o,,,,,False,,,"Warszawa, Mokotów","Specjalista (Mid / Regular), Starszy specjalista (Senior)",Pełny etat,"Umowa o pracę, Kontrakt B2B","Praca stacjonarna, Praca hybrydowa"
217,"https://www.pracuj.pl/praca/glowny-specjalista-ds-ryzyka-modeli-poznan-szarych-szeregow-23a,oferta,1003006193",główny specjalista ds. ryzyka modeli,SGB-BANK S.A.,,,,,False,,,"Poznań, Jeżyce","Starszy specjalista (Senior), Ekspert",Pełny etat,Umowa o pracę,Praca hybrydowa
218,"https://www.pracuj.pl/praca/mlodszy-specjalista-mlodsza-specjalistka-ds-analiz-portfela-kredytowego-i-raport-warszawa-marcina-kasprzaka-2,oferta,1002977418",Młodszy Specjalista/Młodsza Specjalistka ds. Analiz Portfela Kredytowego i Raportowania Zarządczego,BNP Paribas Bank Polska S.A.,,,,,False,,,"Warszawa, Wola","Specjalista (Mid / Regular), Młodszy specjalista (Junior)",Pełny etat,Umowa o pracę,Praca hybrydowa
219,"https://www.pracuj.pl/praca/product-support-representative-senior-wroclaw-curie-sklodowskiej-12,oferta,1002976955",Product Support Representative Senior,FIS Technology Services Poland Sp. z o.o.,,,,,False,,,"Wrocław, Śródmieście",Starszy specjalista (Senior),Pełny etat,Umowa o pracę,Praca od zaraz
220,"https://www.pracuj.pl/praca/stanowisko-ds-prognozowania-i-oceny-skutkow-finansowych-projektowanych-zmian-prz-warszawa-szamocka-3,oferta,1003005675",Stanowisko ds. prognozowania i oceny skutków finansowych projektowanych zmian przepisów ubezpieczeniowych,Zakład Ubezpieczeń Społecznych,,,,,False,,,"Warszawa, Żoliborz",Specjalista (Mid / Regular),Pełny etat,Umowa o pracę,Szukamy wielu kandydatów (2 wakaty)
221,"https://www.pracuj.pl/praca/inzynier-ka-ds-przetwarzania-sygnalow-warszawa,oferta,1003005336",Inżynier/ka ds. przetwarzania sygnałów,GMV INNOVATING SOLUTIONS SPÓŁKA Z OGRANICZONĄ ODPOWIEDZIALNOŚCIĄ,,,,,False,,,Warszawa,Specjalista (Mid / Regular),Pełny etat,Umowa o pracę,Praca hybrydowa
222,"https://www.pracuj.pl/praca/specjalista-ds-walidacji-modeli-warszawa,oferta,1002976533",Specjalista ds. Walidacji Modeli,PKO Bank Polski SA,,,,,False,,,Warszawa,Specjalista (Mid / Regular),Pełny etat,Umowa o pracę,Praca hybrydowa
223,"https://www.pracuj.pl/praca/kontroler-finansowy-dzial-raportowania-i-planowania-finansowego-warszawa,oferta,1002972774",Kontroler Finansowy (Dział Raportowania i Planowania Finansowego),Cyfrowy Polsat S.A.,,,,,False,,,Warszawa,Specjalista (Mid / Regular),Pełny etat,Umowa o pracę,Praca hybrydowa
224,"https://www.pracuj.pl/praca/analityk-danych-analityk-crm-warszawa,oferta,1003005086",Analityk Danych (Analityk CRM),GRUPA PZU,,,,,False,,,Warszawa,Specjalista (Mid / Regular),Pełny etat,Umowa o pracę,Praca hybrydowa
225,"https://www.pracuj.pl/praca/specjalista-ds-raportowania-i-analiz-warszawa-annopol-17a,oferta,1002972531",Specjalista ds. Raportowania i Analiz,Ruch S.A.,,,,,False,,,"Warszawa, Białołęka",Specjalista (Mid / Regular),Pełny etat,Umowa o pracę,Praca hybrydowa
226,"https://www.pracuj.pl/praca/kierownik-ds-analiz-rynku-i-kategorii-warszawa-tasmowa-7,oferta,1003004918",Kierownik ds. Analiz Rynku i Kategorii,Eurocash S.A.,,,,,False,,,"Warszawa, Mokotów",Kierownik / Koordynator,Pełny etat,Umowa o pracę,Praca hybrydowa
227,"https://www.pracuj.pl/praca/mlodszy-specjalista-ds-systemow-informatycznych-bialystok-hetmanska-92,oferta,1002955788",Młodszy specjalista ds. systemów informatycznych,UNIBEP S.A.,,,,,True,,,"Białystok, Słoneczny Stok","Specjalista (Mid / Regular), Młodszy specjalista (Junior)",Pełny etat,Umowa o pracę,Praca stacjonarna
228,"https://www.pracuj.pl/praca/data-scientist-ai-engineer-gdynia-luzycka-8a,oferta,1003004630",Data Scientist/ AI Engineer,BEST S.A.,,,,,True,,,"Miejsce pracy:Cała Polska (praca zdalna)Siedziba firmy:Gdynia, Mały Kack","Specjalista (Mid / Regular), Starszy specjalista (Senior)",Pełny etat,"Umowa o pracę, Kontrakt B2B",Praca zdalna
229,"https://www.pracuj.pl/praca/specjalista-ds-rozkladow-warszawa-komitetu-obrony-robotnikow-43,oferta,1002964916",Specjalista ds. Rozkładów,Polskie Linie Lotnicze LOT,,,,,False,,,"Warszawa, Włochy","Specjalista (Mid / Regular), Młodszy specjalista (Junior)",Pełny etat,"Umowa zlecenie, Kontrakt B2B","Praca stacjonarna, Praca hybrydowa"
230,"https://www.pracuj.pl/praca/ekspert-w-departamencie-handlu-energia-konwencjonalna-warszawa,oferta,1002961702",Ekspert w Departamencie Handlu Energią Konwencjonalną,PGE Polska Grupa Energetyczna,,,,,False,,,Warszawa,Ekspert,Pełny etat,Umowa o pracę,Praca stacjonarna
231,"https://www.pracuj.pl/praca/staz-w-dziale-automatyzacji-i-oprogramowania-jaryszki-pow-poznanski,oferta,1002990236",Staż w Dziale Automatyzacji i Oprogramowania,APATOR POWOGAZ S.A.,,,,,False,,,Jaryszki (pow. poznański),Praktykant / Stażysta,Pełny etat,Umowa zlecenie,Praca od zaraz
232,"https://www.pracuj.pl/praca/ekspert-ds-modelowania-wyceny-aktywow-kredytowych-warszawa,oferta,1003004041",Ekspert ds. Modelowania Wyceny Aktywów Kredytowych,Bank Ochrony Środowiska S.A.,,,,,False,,,Warszawa,Ekspert,Pełny etat,Umowa o pracę,Praca hybrydowa
233,"https://www.pracuj.pl/praca/nauczyciel-nauczycielka-matematyki-dla-dzieci-w-minecraft-poznan,oferta,1002986237",Nauczyciel / Nauczycielka matematyki dla dzieci w Minecraft,EduGO P.S.A.,2 000–4 500 zł brutto / mies.,2 000,4 500,False,False,,,Miejsce pracy:Cała Polska (praca zdalna)Siedziba firmy:Poznań,Specjalista (Mid / Regular),"Część etatu, Dodatkowa / tymczasowa",Umowa zlecenie,Szukamy wielu kandydatów
234,"https://www.pracuj.pl/praca/sprzedawca-kasjer-lodz-plk-jana-kilinskiego-172,oferta,1003003785",Sprzedawca - Kasjer,ŻANIA ŻANETA PAWLAK,3 600–5 000 zł brutto / mies.,3 600,5 000,False,False,,,"Łódź, Widzew",Pracownik fizyczny,Pełny etat,Umowa o pracę,Praca od zaraz
235,"https://www.pracuj.pl/praca/audytorka-audytor-ds-walidacji-modeli-w-zespole-audytu-zarzadzania-ryzykiem-warszawa-rondo-daszynskiego-2c,oferta,1002974506",Audytorka / Audytor ds. Walidacji Modeli w Zespole Audytu Zarządzania Ryzykiem,VeloBank S.A.,,,,,False,,,"Warszawa, Wola",Specjalista (Mid / Regular),Pełny etat,Umowa o pracę,Praca hybrydowa
236,"https://www.pracuj.pl/praca/senior-deep-learning-engineer-lublin-spokojna-2,oferta,1003003668",Senior Deep Learning Engineer,Asseco Business Solutions S.A.,,,,,False,,,Lublin,"Specjalista (Mid / Regular), Starszy specjalista (Senior)",Pełny etat,"Umowa o pracę, Kontrakt B2B","Praca stacjonarna, Praca zdalna, Praca hybrydowa"
237,"https://www.pracuj.pl/praca/junior-bi-developer-warszawa,oferta,1002974025",Junior BI Developer,AkzoNobel Car Refinishes Polska Sp. z o.o.,,,,,False,,,Warszawa,Młodszy specjalista (Junior),Pełny etat,Umowa o pracę,Praca hybrydowa
238,"https://www.pracuj.pl/praca/analityk-online-lodz-sw-teresy-od-dzieciatka-jezus-109,oferta,1002985542",Analityk Online,Rossmann SDP,,,,,False,,,"Łódź, Bałuty",Specjalista (Mid / Regular),Pełny etat,Umowa o pracę,Praca stacjonarna
239,"https://www.pracuj.pl/praca/glowny-specjalista-ds-testow-tlpt-w-departamencie-cyberbezpieczenstwa-warszawa-piekna-20,oferta,1002959841",Główny specjalista ds. testów TLPT w Departamencie Cyberbezpieczeństwa,Urząd Komisji Nadzoru Finansowego,,,,,False,,,"Warszawa, Śródmieście","Starszy specjalista (Senior), Ekspert",Pełny etat,Umowa o pracę,Praca od zaraz
240,"https://www.pracuj.pl/praca/financial-controller-tczew,oferta,1002972731",Financial Controller,Eaton Tczew,,,,,False,,,Tczew,Specjalista (Mid / Regular),Pełny etat,Umowa o pracę,Praca stacjonarna
241,,Nauczyciel matematyki,Fundacja RIDETON,,,,,False,,,3 lokalizacje,Specjalista (Mid / Regular),"Pełny etat, Część etatu","Umowa o pracę, Umowa zlecenie",Praca od zaraz
242,"https://www.pracuj.pl/praca/specjalista-ds-ryzyka-aktuarialnego-i-modelowania-aktuarialnego-warszawa,oferta,1002961489",Specjalista ds. Ryzyka Aktuarialnego i Modelowania Aktuarialnego,GRUPA PZU,,,,,False,,,Warszawa,Specjalista (Mid / Regular),Pełny etat,Umowa o pracę,Praca hybrydowa
243,"https://www.pracuj.pl/praca/specjalista-ds-kontrolingu-komercyjnego-katowice-chorzowska-150b,oferta,1002961483",Specjalista ds. kontrolingu komercyjnego,Orbico Sp. z o.o.,,,,,False,,,Katowice,Specjalista (Mid / Regular),Pełny etat,Umowa o pracę,Praca hybrydowa
244,"https://www.pracuj.pl/praca/aerospace-engineer-warszawa,oferta,1002961093",Aerospace engineer,GMV INNOVATING SOLUTIONS SPÓŁKA Z OGRANICZONĄ ODPOWIEDZIALNOŚCIĄ,,,,,False,,,Warszawa,Specjalista (Mid / Regular),Pełny etat,Umowa o pracę,Praca hybrydowa
245,"https://www.pracuj.pl/praca/specjalista-specjalistka-ds-rynku-energii-elektrycznej-szczecin-plac-rodla-8,oferta,1002969146",Specjalista / Specjalistka ds. rynku energii elektrycznej,GEWI sp. z o.o.,,,,,False,,,Szczecin,"Specjalista (Mid / Regular), Młodszy specjalista (Junior)","Pełny etat, Część etatu",Umowa o pracę,Praca od zaraz
246,"https://www.pracuj.pl/praca/trader-rynek-energii-szczecin-plac-rodla-8,oferta,1002969145",Trader – Rynek Energii,GEWI sp. z o.o.,,,,,False,,,Szczecin,Specjalista (Mid / Regular),"Pełny etat, Część etatu",Umowa o pracę,Szukamy wielu kandydatów
247,"https://www.pracuj.pl/praca/senior-specialist-data-scientist-katowice,oferta,1002959388",Senior Specialist - Data Scientist,ING Bank Śląski S.A.,,,,,False,,,Katowice,Starszy specjalista (Senior),Pełny etat,Umowa o pracę,Praca od zaraz
248,"https://www.pracuj.pl/praca/senior-frontend-developer-angular-krakow-czerwone-maki-82,oferta,1002955936",Senior Frontend Developer (Angular),Motorola Solutions,,,,,False,,,"Kraków, Dębniki","Starszy specjalista (Senior), Ekspert",Pełny etat,Umowa o pracę,Запрошуємо працівників з України
249,"https://www.pracuj.pl/praca/analityk-kredytowy-lublin,oferta,1002979929",Analityk kredytowy,LUBELSKI REGIONALNY FUNDUSZ ROZWOJU sp. z o.o.,,,,,False,,,Lublin,"Starszy specjalista (Senior), Ekspert","Pełny etat, Część etatu","Umowa o pracę, Umowa zlecenie",Запрошуємо працівників з України
250,"https://www.pracuj.pl/praca/analityk-finansowy-warszawa,oferta,1002970962",Analityk finansowy,REDNET INVESTMENT sp. z o.o.,,,,,False,,,Warszawa,Specjalista (Mid / Regular),Pełny etat,"Umowa o pracę, Kontrakt B2B",Praca stacjonarna
251,"https://www.pracuj.pl/praca/specjalista-ds-ryzyk-ksiegi-bankowej-warszawa,oferta,1002970940",Specjalista ds. Ryzyk Księgi Bankowej,Bank Pekao,,,,,False,,,Warszawa,Specjalista (Mid / Regular),Pełny etat,Umowa o pracę,Praca hybrydowa
252,"https://www.pracuj.pl/praca/przedstawiciel-handlowy-przedstawicielka-handlowa-gdansk,oferta,1002970840",Przedstawiciel handlowy / Przedstawicielka handlowa,RABALUX sp. z o.o.,,,,,False,,,Gdańsk,Specjalista (Mid / Regular),Pełny etat,Umowa o pracę,Praca mobilna
253,"https://www.pracuj.pl/praca/ekspert-ds-ryzyka-aktuarialnego-i-modelowania-aktuarialnego-warszawa,oferta,1003000775",Ekspert ds. Ryzyka Aktuarialnego i Modelowania Aktuarialnego,GRUPA PZU,,,,,False,,,Warszawa,Ekspert,Pełny etat,Umowa o pracę,Praca hybrydowa
254,"https://www.pracuj.pl/praca/data-analyst-gdansk-leborska-14,oferta,1002970618",Data Analyst,Emoti Group,,,,,False,,,Miejsce pracy:Cała Polska (praca zdalna)Siedziba firmy:Gdańsk,Specjalista (Mid / Regular),Pełny etat,Kontrakt B2B,Praca od zaraz
255,"https://www.pracuj.pl/praca/analityk-e-commerce-krakow,oferta,1002969723",Analityk E-commerce,Marketing Investment Group,,,,,False,,,Kraków,Specjalista (Mid / Regular),Pełny etat,Umowa o pracę,"Praca stacjonarna, Praca hybrydowa"
256,"https://www.pracuj.pl/praca/specjalista-ds-ryzyka-aktuarialnego-i-modelowania-aktuarialnego-warszawa,oferta,1002999195",Specjalista ds. Ryzyka Aktuarialnego i Modelowania Aktuarialnego,GRUPA PZU,,,,,False,,,Warszawa,Specjalista (Mid / Regular),Pełny etat,Umowa o pracę,Praca hybrydowa
257,"https://www.pracuj.pl/praca/programista-ka-ds-big-data-wroclaw-wolowska-8,oferta,1002967489",Programista/ka ds. Big Data,KRUK S.A.,,,,,False,,,"Wrocław, Psie Pole","Specjalista (Mid / Regular), Starszy specjalista (Senior)",Pełny etat,Umowa o pracę,Praca od zaraz
258,"https://www.pracuj.pl/praca/specjalista-ka-ds-analiz-wroclaw-wolowska-8,oferta,1002967239",Specjalista/ka ds. Analiz,KRUK S.A.,,,,,False,,,"Wrocław, Psie Pole",Specjalista (Mid / Regular),Pełny etat,Umowa o pracę,Praca od zaraz
259,"https://www.pracuj.pl/praca/inzynier-presales-warszawa-zwirki-i-wigury-18a,oferta,1002969460",Inżynier Presales,SimplicITy sp. z o.o.,15 000–25 000 zł netto (+ VAT) / mies.,15 000,25 000,True,False,,,"Warszawa, Włochy",Specjalista (Mid / Regular),Pełny etat,Kontrakt B2B,Praca od zaraz
260,"https://www.pracuj.pl/praca/platne-praktyki-w-controllingu-wroclaw-zmigrodzka-143,oferta,1002969326",Płatne Praktyki w Controllingu,BSH SPRZĘT GOSPODARSTWA DOMOWEGO sp. z o.o.,,,,,False,,,"Wrocław, Psie Pole",Praktykant / Stażysta,Dodatkowa / tymczasowa,Umowa zlecenie,Praca stacjonarna
261,"https://www.pracuj.pl/praca/mlodszy-specjalista-ds-ryzyka-rynkowego-gdansk,oferta,1002968874",Młodszy specjalista ds. ryzyka rynkowego,Aramco Fuels Poland Sp. z o.o.,,,,,False,,,Gdańsk,"Specjalista (Mid / Regular), Młodszy specjalista (Junior)",Pełny etat,Umowa o pracę,Praca stacjonarna
262,,Specjalista ds. Analiz i Modelowania Ryzyka Kredytowego,PRAGMAGO SA,,,,,False,,,2 lokalizacje,"Specjalista (Mid / Regular), Starszy specjalista (Senior)",Pełny etat,"Umowa o pracę, Kontrakt B2B","Praca stacjonarna, Praca hybrydowa"
263,"https://www.pracuj.pl/praca/specjalista-ds-danych-podstawowych-stanowice-pow-olawski,oferta,1002965308",Specjalista ds. Danych Podstawowych,The Lorenz Bahlsen Snack-World Sp. z o.o.,,,,,False,,,Stanowice (pow. oławski),Specjalista (Mid / Regular),Pełny etat,Umowa o pracę,Praca stacjonarna
264,"https://www.pracuj.pl/praca/specjalista-specjalistka-ds-rozwoju-systemu-crm-warszawa,oferta,1002967676",Specjalista / Specjalistka ds. Rozwoju Systemu CRM,Nest Bank S.A.,,,,,False,,,Miejsce pracy:Cała Polska (praca zdalna)Siedziba firmy:Warszawa,Specjalista (Mid / Regular),Pełny etat,Umowa o pracę,Praca od zaraz
265,"https://www.pracuj.pl/praca/data-scientist-warszawa-rondo-daszynskiego-2c,oferta,1002967367",Data Scientist,VeloBank S.A.,,,,,False,,,"Warszawa, Wola","Specjalista (Mid / Regular), Starszy specjalista (Senior)",Pełny etat,Umowa o pracę,Szukamy wielu kandydatów
266,,Lokalny Kierownik ds. Kluczowych Klientów,Froneri Polska sp. z o.o.,,,,,True,,,2 lokalizacje,Kierownik / Koordynator,Pełny etat,Umowa o pracę,Praca od zaraz
267,"https://www.pracuj.pl/praca/specjalista-ds-ryzyka-plynnosci-warszawa-pulawska-17,oferta,1002965833",Specjalista ds. Ryzyka Płynności,PKO Bank Polski SA,,,,,False,,,"Warszawa, Mokotów",Specjalista (Mid / Regular),Pełny etat,Umowa o pracę,Praca hybrydowa
268,"https://www.pracuj.pl/praca/asystent-asystentka-w-dziale-ksiegowosci-warszawa-skierniewicka-10a,oferta,1002993768",Asystent / Asystentka w dziale księgowości,ADVANTIM sp. z o.o. ACCOUNTING SPÓŁKA KOMANDYTOWA,,,,,False,,,"Warszawa, Wola",Asystent,"Pełny etat, Część etatu",Umowa zlecenie,Praca od zaraz
269,"https://www.pracuj.pl/praca/mlodszy-a-specjalista-ka-ds-kontrolingu-warszawa-aleje-jerozolimskie-134,oferta,1002962496",Młodszy/a Specjalista/ka ds. Kontrolingu,DOZ S.A.,,,,,False,,,"Warszawa, Ochota",Młodszy specjalista (Junior),Pełny etat,Umowa o pracę,Praca stacjonarna
270,"https://www.pracuj.pl/praca/analityk-operacyjny-tymienice-pow-zdunskowolski,oferta,1002979018",Analityk Operacyjny,FORTUNA Sp. z o.o.,,,,,False,,,Tymienice (pow. zduńskowolski),Specjalista (Mid / Regular),Pełny etat,Umowa o pracę,Praca stacjonarna
271,"https://www.pracuj.pl/praca/specjalista-ds-analiz-bytom,oferta,1002962147",Specjalista ds. Analiz,ZDROWIT S.A.,,,,,False,,,Bytom,Specjalista (Mid / Regular),Pełny etat,Umowa o pracę,Praca stacjonarna
272,"https://www.pracuj.pl/praca/informatyk-krakow-osiedle-szkolne-20,oferta,1002965238",Informatyk,MIEJSKI DZIENNY DOM POMOCY SPOŁECZNEJ W KRAKOWIE,5 000 zł brutto / mies.,5 000,,False,False,,,"Kraków, Nowa Huta","Specjalista (Mid / Regular), Młodszy specjalista (Junior)",Pełny etat,Umowa o pracę,Praca od zaraz
273,"https://www.pracuj.pl/praca/koordynator-koordynatorka-ds-danych-podstawowych-karczew-pow-otwocki-armii-krajowej-80,oferta,1002964829",Koordynator / Koordynatorka ds. Danych Podstawowych,Grupa SuperDrob i CPF Poland,,,,,False,,,Karczew (pow. otwocki),Kierownik / Koordynator,Pełny etat,Umowa o pracę,Praca od zaraz
274,"https://www.pracuj.pl/praca/specjalista-ka-ds-analityki-finansowej-warszawa-szyszkowa-20,oferta,1002964710",Specjalista/ka ds. analityki finansowej,BLAKS Spółka Akcyjna,,,,,True,,,"Warszawa, Włochy",Specjalista (Mid / Regular),Pełny etat,Umowa o pracę,Praca od zaraz
275,"https://www.pracuj.pl/praca/glowna-ksiegowa-glowny-ksiegowy-wroblow-pow-wschowski,oferta,1002963768",Główna Księgowa/ Główny Księgowy,DEININGER Consulting Sp. z o.o.,,,,,False,,,Wróblów (pow. wschowski),Kierownik / Koordynator,Pełny etat,Umowa o pracę,Praca stacjonarna
276,"https://www.pracuj.pl/praca/mlodszy-analityk-finansowy-staz-rzeszow-hetmanska-120,oferta,1002963736",Młodszy Analityk Finansowy – Staż,Pratt & Whitney Rzeszów S.A,,,,,False,,,Rzeszów,Praktykant / Stażysta,Pełny etat,Umowa zlecenie,Praca stacjonarna
277,"https://www.pracuj.pl/praca/consumer-data-analyst-warszawa-inflancka-4,oferta,1002991976",Consumer Data Analyst,Adecco Poland Sp. z o.o.,,,,,False,,,"Warszawa, Śródmieście",Specjalista (Mid / Regular),Pełny etat,Umowa o pracę,Praca od zaraz
278,"https://www.pracuj.pl/praca/specjalista-specjalistka-ds-analiz-i-kontrolingu-w-dziale-kontrolingu-i-analiz-lublin-staszica-16,oferta,1002991665",Specjalista / Specjalistka ds. analiz i kontrolingu w Dziale Kontrolingu i Analiz,UNIWERSYTECKI SZPITAL KLINICZNY NR 1 W LUBLINIE,5 457–6 092 zł brutto / mies.,5 457,6 092,False,False,,,Lublin,Specjalista (Mid / Regular),Pełny etat,Umowa o pracę,Praca stacjonarna
279,"https://www.pracuj.pl/praca/glowny-ksiegowy-glowna-ksiegowa-lublin-karola-olszewskiego-8,oferta,1002991587",Główny księgowy / Główna księgowa,P. W. PROPER Sp. z o.o.,,,,,False,,,Lublin,Ekspert,Część etatu,Umowa o pracę,"Praca stacjonarna, Praca hybrydowa"
280,"https://www.pracuj.pl/praca/konsultant-ka-ds-wdrozen-modul-kadry-place-i-hr-bydgoszcz-edmunda-matuszewskiego-15,oferta,1002962289",Konsultant/ka ds. wdrożeń (moduł Kadry Płace i HR),Kantata Sp. z o.o.,,,,,False,,,Bydgoszcz,Specjalista (Mid / Regular),Pełny etat,"Umowa o pracę, Kontrakt B2B",Praca hybrydowa
281,"https://www.pracuj.pl/praca/starszy-specjalista-ds-zarzadzania-ryzykiem-warszawa-ksiazeca-4,oferta,1002962152",Starszy Specjalista ds. Zarządzania Ryzykiem,Izba Rozliczeniowa Giełd Towarowych S.A. (IRGiT),,,,,False,,,"Warszawa, Śródmieście",Starszy specjalista (Senior),Pełny etat,Umowa o pracę,"Praca stacjonarna, Praca zdalna"
282,"https://www.pracuj.pl/praca/starszy-analityk-finansowy-rzeszow,oferta,1002960683",Starszy Analityk Finansowy,Pratt & Whitney Rzeszów S.A,,,,,False,,,Rzeszów,Starszy specjalista (Senior),Pełny etat,Umowa o pracę,Praca hybrydowa
283,"https://www.pracuj.pl/praca/specjalista-ds-raportowania-i-analiz-lodz-polskiej-organizacji-wojskowej-25,oferta,1002973351",Specjalista ds. Raportowania i Analiz,Nowa Szkoła Sp. z o.o.,,,,,True,,,"Łódź, Śródmieście",Specjalista (Mid / Regular),Pełny etat,Umowa o pracę,Praca od zaraz
284,,Support Engineer L.2,Devire,70–100 zł netto (+ VAT) / mies.,70,100,True,False,,,2 lokalizacje,Specjalista (Mid / Regular),Pełny etat,Kontrakt B2B,Praca hybrydowa
285,"https://www.pracuj.pl/praca/analityk-analityczka-ds-sprzedazy-warszawa,oferta,1002956847",Analityk/Analityczka ds. Sprzedaży,Egis Polska,,,,,False,,,Warszawa,Specjalista (Mid / Regular),Pełny etat,Umowa na zastępstwo,Praca hybrydowa
286,,Konstruktor obliczeń wytrzymałościowych,MGL Sp. z o.o.,,,,,False,,,3 lokalizacje,Specjalista (Mid / Regular),Pełny etat,Umowa o pracę,Praca od zaraz
287,"https://www.pracuj.pl/praca/power-platform-developer-warszawa,oferta,1002957802",Power Platform Developer,Britenet Sp. z o.o.,,,,,False,,,Warszawa,"Specjalista (Mid / Regular), Starszy specjalista (Senior)",Pełny etat,Kontrakt B2B,Szukamy wielu kandydatów (10 wakatów)
288,"https://www.pracuj.pl/praca/asystent-asystentka-dzialu-treasury-gdansk-lakowa-39,oferta,1002956581",Asystent / Asystentka Działu Treasury,LPP S.A.,,,,,False,,,Gdańsk,"Asystent, Młodszy specjalista (Junior)",Pełny etat,Umowa o pracę,Praca stacjonarna
289,"https://www.pracuj.pl/praca/trader-market-analyst-warszawa,oferta,1002955895",Trader / Market Analyst,Klient Pracuj.pl,,,,,False,,,Warszawa,Specjalista (Mid / Regular),Pełny etat,Umowa o pracę,Praca stacjonarna
290,"https://www.pracuj.pl/praca/mlodszy-specjalista-ds-controllingu-myslenice,oferta,1002969005",Młodszy Specjalista ds. Controllingu,Arche Consulting Sp z o.o.,,,,,False,,,Myślenice,Młodszy specjalista (Junior),Pełny etat,Umowa o pracę,Praca od zaraz
291,"https://www.pracuj.pl/praca/nauczyciel-nauczycielka-matematyki-warszawa-aleja-wyscigowa-8a,oferta,1002979657",Nauczyciel / Nauczycielka matematyki,EXPERTUS.EDU.PL sp. z o.o.,,,,,False,,,"Warszawa, Mokotów",Specjalista (Mid / Regular),Pełny etat,Umowa o pracę,Praca stacjonarna
292,"https://www.pracuj.pl/praca/analityk-danych-koszalin,oferta,1002979339",Analityk danych,Mojsiuk Sp. z o.o. Sp.K.,,,,,False,,,Koszalin,Specjalista (Mid / Regular),Pełny etat,Umowa o pracę,Praca od zaraz
293,"https://www.pracuj.pl/praca/korepetytor-korepetytorka-matematyki-warszawa,oferta,1002975775",Korepetytor / Korepetytorka matematyki,MATHEMA,2 400–6 000 zł / mies. (zal. od umowy),2 400,6 000,False,False,,,Warszawa,Specjalista (Mid / Regular),"Pełny etat, Część etatu, Dodatkowa / tymczasowa","Umowa zlecenie, Kontrakt B2B",Szukamy wielu kandydatów
294,"https://www.pracuj.pl/praca/specjalista-specjalistka-ds-ryzyk-bankowych-darlowo-boguslawa-x-3,oferta,1002973552",Specjalista / Specjalistka ds. Ryzyk Bankowych,BAŁTYCKI BANK SPÓŁDZIELCZY,,,,,False,,,Darłowo,Specjalista (Mid / Regular),Pełny etat,Umowa o pracę,Praca od zaraz
295,"https://www.pracuj.pl/praca/biznes-analityk-wroclaw,oferta,1002957978",Biznes Analityk,Hays Poland,125 zł netto (+ VAT) / godz.,125,,True,False,,,Wrocław,Specjalista (Mid / Regular),Pełny etat,Kontrakt B2B,Praca od zaraz
296,"https://www.pracuj.pl/praca/audytor-bankowy-warszawa,oferta,1002956216",Audytor bankowy,Spółdzielnia Systemu Ochrony Zrzeszenia BPS,,,,,False,,,Warszawa,Specjalista (Mid / Regular),Pełny etat,Umowa o pracę,Praca hybrydowa
